,Unnamed: 0.1,Unnamed: 0,x,y,amount,person
0,0,0,67.71951226675803,39.46130329837232,1.0210613013698628,#42DBFD
1,1,1,33.64374579234614,-12.913102384486566,0.2515616700913242,#D52D1F
2,2,2,8.258157308122598,8.599598168572967,7.491133160958904,#D52D1F
3,3,3,22.234789995811145,-32.99853371057499,5.515167739726027,#42DBFD
4,4,4,-4.055730885375455,22.25176185579529,0.5100762557077626,#42DBFD
5,5,5,5.236147366220808,14.086594867598,7.890470958904109,#42DBFD
6,6,6,45.991588446930834,41.77883346533216,0.0013691267123287,#D52D1F
7,7,7,91.517685239519,27.741905245007285,0.0417045662100456,#42DBFD
8,8,8,123.72514984263888,48.71013200982742,78.05078630136987,#42DBFD
9,9,9,32.21291102778615,-14.747386241951974,6.20454109589041,#42DBFD
10,10,10,32.534153024375044,36.57084953231865,2.599370445205479,#42DBFD
11,11,11,36.70496891437807,-5.619022427321808,1.2496484794520548,#D52D1F
12,12,12,41.57845574780308,10.464901198772964,1.257315068493151,#42DBFD
13,13,13,-87.77457642471956,13.450495558409882,0.0177402739726027,#42DBFD
14,14,14,-8.20681899141759,55.02991924834696,0.0667013698630137,#42DBFD
15,15,15,31.857503984322697,3.627089056041317,1.2617201369863014,#42DBFD
16,16,16,121.29347602297068,15.83521025237499,4.147407705479452,#42DBFD
17,17,17,139.1994535242086,-5.711485405420409,21.3745791780822,#42DBFD
18,18,18,30.184010967609783,55.44573615991567,0.0002123287671232,#D52D1F
19,19,19,-68.19230788637236,-14.057204497175375,0.3628161643835617,#42DBFD
20,20,20,5.968549594331932,50.453962317168745,0.7023801369863014,#42DBFD
21,21,21,14.273218520020464,2.506938940946499,6.20642904109589,#42DBFD
22,22,22,28.834909222334232,46.35492958354075,0.0009745438356164,#D52D1F
23,23,23,21.746714694694784,61.7620368779271,0.1323287671232876,#42DBFD
24,24,24,-73.6704451687972,-14.480669041737745,1.361496621004566,#42DBFD
25,25,25,32.87030508703822,-26.91844515952812,5.515167739726027,#42DBFD
26,26,26,-101.8703356526416,29.04691607974621,0.0756395034246575,#D52D1F
27,27,27,29.14101526637151,46.59515813984398,0.1861891643835616,#42DBFD
28,28,28,8.338227617665853,9.069548267714062,11.27346102739726,#42DBFD
29,29,29,-77.94111510494658,1.2422707294639066,3.811103652968036,#42DBFD
30,30,30,12.225910042271972,3.241195233625563,6.20642904109589,#42DBFD
31,31,31,27.092769764292136,54.96330433868185,0.1061643835616438,#42DBFD
32,32,32,114.8634993633576,43.94817426891644,78.05078630136987,#42DBFD
33,33,33,45.70237130449,-24.83806189082126,0.3116410159817351,#D52D1F
34,34,34,10.273469195836809,20.28009184265312,7.890470958904109,#42DBFD
35,35,35,117.3903679976116,30.9159893171457,78.05078630136987,#42DBFD
36,36,36,4.879966353548827,18.042882079322368,0.5562672739726028,#D52D1F
37,37,37,43.170587270870094,17.920123295049578,2.741321301369863,#42DBFD
38,38,38,13.141985131487136,58.67629671844785,0.0004977168949771,#D52D1F
39,39,39,54.80160499902749,40.1285597845817,0.2122510958904109,#42DBFD
40,40,40,-11.306011072558803,7.754129538852117,0.326426301369863,#D52D1F
41,41,41,-58.63156604275674,6.142960580383988,0.0031597598173515,#D52D1F
42,42,42,30.333793313859136,-3.8423709785897353,7.607592842465754,#42DBFD
43,43,43,-116.49941382547873,34.45614080812024,5.070490867579909,#42DBFD
44,44,44,-75.00054261196387,-8.068790879804682,1.361496621004566,#42DBFD
45,45,45,119.77421619090184,46.46964848086273,78.05078630136987,#42DBFD
46,46,46,109.74929081405216,34.04135580370041,78.05078630136987,#42DBFD
47,47,47,99.58386502920008,17.30906975598722,2.0540008219178083,#42DBFD
48,48,48,73.57865055750727,2.952896792744093,0.0118471598173516,#42DBFD
49,49,49,115.15678583047568,32.4082190101067,78.05078630136987,#42DBFD
50,50,50,45.57627904013209,25.54893425096576,2.741321301369863,#42DBFD
51,51,51,118.77765908816704,33.799480236711204,78.05078630136987,#42DBFD
52,52,52,32.01519880860528,-25.67745503900842,6.20454109589041,#42DBFD
53,53,53,131.3262734267168,47.60731432569278,78.05078630136987,#42DBFD
54,54,54,178.6901001572514,-18.024332167311947,0.0006856356164383,#D52D1F
55,55,55,35.339985710878835,-19.02190866860269,6.20454109589041,#42DBFD
56,56,56,101.34358450867636,20.65243266696329,0.1076321917808219,#42DBFD
57,57,57,37.60933410542887,-17.251878472381012,6.20454109589041,#42DBFD
58,58,58,123.44539752496014,48.53917973060714,78.05078630136987,#42DBFD
59,59,59,34.45147924668345,12.587714205036246,4.629496278538813,#42DBFD
60,60,60,39.798286770983246,0.9293696233942264,2.508953196347032,#42DBFD
61,61,61,6.510858679431853,14.546614398765245,7.890470958904109,#42DBFD
62,62,62,37.061519532721874,16.141250634529648,0.0786465753424657,#D52D1F
63,63,63,85.86341038017021,36.4566358559394,78.05078630136987,#42DBFD
64,64,64,-89.13466906331524,13.613229050944655,0.0051003287671232,#D52D1F
65,65,65,22.64820105324702,52.41602007524527,0.0008155251141552,#D52D1F
66,66,66,144.76440830877755,43.25846576501868,0.8774018264840182,#42DBFD
67,67,67,132.3059557229769,-1.4118414817203373,21.3745791780822,#42DBFD
68,68,68,73.92406277491637,32.88530118959079,7.735940376712329,#42DBFD
69,69,69,-3.032012735119784,8.86897801863554,4.525246849315069,#42DBFD
70,70,70,103.43467142724576,20.812934710108124,3.5609863013698635,#42DBFD
71,71,71,121.63787559764766,-3.714561253116771,21.3745791780822,#42DBFD
72,72,72,34.72131964900309,31.55843962206761,0.0493150684931506,#42DBFD
73,73,73,-4.202878967020671,11.632831415512848,1.9018772260273973,#42DBFD
74,74,74,21.550866889920343,-23.99113093988924,0.0087499726027397,#D52D1F
75,75,75,120.1055651934658,32.99317956829293,78.05078630136987,#42DBFD
76,76,76,89.49379363747535,44.10356020690941,78.05078630136987,#42DBFD
77,77,77,108.99859169642328,22.64130964869445,78.05078630136987,#42DBFD
78,78,78,95.32313934387248,40.33845615932765,78.05078630136987,#42DBFD
79,79,79,-12.767995791492032,13.306560602815296,0.1900586301369863,#D52D1F
80,80,80,23.46615792151368,46.13040756686903,0.0039908675799086,#D52D1F
81,81,81,24.14918726729972,55.02944357632912,0.0068527397260273,#42DBFD
82,82,82,-83.10543078574474,9.65702404637242,0.0951629223744292,#42DBFD
83,83,83,31.080484185608448,-13.34089061571412,0.1444803801369863,#D52D1F
84,84,84,15.492292184043038,8.74887697178043,0.8709732876712327,#42DBFD
85,85,85,28.49957121825072,5.640639800681103,0.4725610388127853,#D52D1F
86,86,86,124.76445470304871,6.304090721997276,4.147407705479452,#42DBFD
87,87,87,24.323854732553286,25.651703866491705,0.0090256438356164,#D52D1F
88,88,88,26.80155131454493,-21.481988125632405,0.4709186643835616,#42DBFD
89,89,89,-1.0168337020634477,60.54760437271098,0.0053794520547945,#D52D1F
90,90,90,78.84028394631312,22.502393777751536,3.672987054794521,#D52D1F
91,91,91,61.42286352561688,31.850202424617432,9.007811506849317,#42DBFD
92,92,92,6.530455788285195,52.82046308135223,0.0338835616438356,#42DBFD
93,93,93,-81.94150935295161,8.552164028672655,0.0818219178082191,#42DBFD
94,94,94,-73.33380042359687,21.080356824888,0.0025708219178082,#42DBFD
95,95,95,102.1717182114296,30.13689802523232,78.05078630136987,#42DBFD
96,96,96,5.87722503855598,13.663899057258869,11.27346102739726,#42DBFD
97,97,97,142.49925762798514,-4.876012701062535,0.0878403652968036,#42DBFD
98,98,98,15.45141451690092,-22.753154552523643,0.0142721301369863,#D52D1F
99,99,99,9.996040215663609,2.048449088888314,0.0102489863013698,#42DBFD
100,100,100,130.4599847487862,44.247304521410655,78.05078630136987,#42DBFD
101,101,101,123.364401087875,49.88161111918973,78.05078630136987,#42DBFD
102,102,102,64.21557023038787,41.93560058567684,0.0260602739726027,#D52D1F
103,103,103,78.02989152950258,57.33208860845978,4.881205479452055,#42DBFD
104,104,104,90.71529998544838,37.818540818558034,78.05078630136987,#42DBFD
105,105,105,122.42573311069708,16.8851875499328,0.3196409760273972,#D52D1F
106,106,106,-90.51510219929904,17.437128778406446,0.0402201369863013,#D52D1F
107,107,107,14.820146111204034,-0.3058546554583312,0.0604961815068493,#D52D1F
108,108,108,-3.841076180234442,6.478197484378546,4.525246849315069,#42DBFD
109,109,109,-0.6126417493076763,5.619633165420679,0.2858851780821918,#D52D1F
110,110,110,13.706055690265076,21.941192441337773,7.890470958904109,#42DBFD
111,111,111,44.41846153424098,40.5852096611846,0.001109006849315,#D52D1F
112,112,112,51.03057068450906,25.45224038190717,0.0002910308219178,#D52D1F
113,113,113,119.56175667602608,29.97709915920717,78.05078630136987,#42DBFD
114,114,114,-88.54326974316551,17.69509881897641,0.0002939342465753,#D52D1F
115,115,115,-0.2691020043410397,12.484425684860582,1.9018772260273973,#42DBFD
116,116,116,57.48699287369169,-20.32402557825616,0.0009595662100456,#D52D1F
117,117,117,28.43717685934116,-29.2898874184344,0.0440536689497716,#42DBFD
118,118,118,35.680025087312245,-18.937709229556617,6.20454109589041,#42DBFD
119,119,119,33.62148498191627,-13.734675748134524,0.5333972374429223,#42DBFD
120,120,120,37.4114068855385,-9.210879105321562,7.607592842465754,#42DBFD
121,121,121,36.06212336286598,34.26176556286268,0.00233480456621,#D52D1F
122,122,122,34.4014389809675,15.340258397353118,4.629496278538813,#42DBFD
123,123,123,137.90361814512116,-17.131713994902427,0.0019691780821917,#D52D1F
124,124,124,13.981707455665456,16.728014580896296,7.890470958904109,#42DBFD
125,125,125,68.91078372862867,36.127566299417744,9.007811506849317,#42DBFD
126,126,126,-100.0628619779714,25.738582885254843,5.844870719178082,#42DBFD
127,127,127,-85.17477208552855,15.310591110880306,1.0003734246575344,#42DBFD
128,128,128,84.78844399510768,28.05542413211754,0.127091506849315,#D52D1F
129,129,129,42.20983256986705,11.772318097616346,0.0063633515981735,#D52D1F
130,130,130,160.07193630109515,-8.990258179007187,0.0021528712328767,#D52D1F
131,131,131,20.194094392072405,40.25853484325194,0.000510727739726,#D52D1F
132,132,132,99.84902805939316,16.52357568996272,0.0267598698630137,#D52D1F
133,133,133,-111.48967317739236,71.7956011149358,0.1548424657534246,#42DBFD
134,134,134,103.04859425016666,0.9041619547587416,21.3745791780822,#42DBFD
135,135,135,18.697374434045443,48.13918314733277,0.0106849315068493,#42DBFD
136,136,136,2.730047811289012,7.339286614297867,0.1850192214611872,#D52D1F
137,137,137,-67.38073101362245,-22.67724837522374,0.0429286301369863,#D52D1F
138,138,138,9.998302158208984,36.79949738119944,0.1845024657534246,#42DBFD
139,139,139,100.6579090058526,1.29732461685305,21.3745791780822,#42DBFD
140,140,140,49.01784982887291,15.96711964728242,2.577219726027397,#42DBFD
141,141,141,-83.09835997171656,8.492536623900664,0.0018352849315068,#D52D1F
142,142,142,84.53777299157191,33.357651771419576,78.05078630136987,#42DBFD
143,143,143,72.3956100870227,33.7886100994009,7.735940376712329,#42DBFD
144,144,144,21.63164401658992,55.39213167067066,0.0002383561643835,#D52D1F
145,145,145,76.1741459416546,32.29379242426667,3.672987054794521,#D52D1F
146,146,146,33.15476316028216,13.84934248040239,4.629496278538813,#42DBFD
147,147,147,23.125250359983816,-10.392341017839886,12.91065102739726,#42DBFD
148,148,148,48.02224821228705,30.329121301081795,0.1804479452054794,#42DBFD
149,149,149,122.28409894580405,-2.917082894574145,21.3745791780822,#42DBFD
150,150,150,-35.64668416444528,-7.939360534195838,3.557036849315068,#42DBFD
151,151,151,73.50056206068584,4.177224943172612,0.0003527525114155,#D52D1F
152,152,152,18.55617240221936,-4.15839934233693,12.91065102739726,#42DBFD
153,153,153,-7.753771378647407,19.59671340029665,0.1110722735159817,#D52D1F
154,154,154,9.132068182479909,19.84016070885248,7.890470958904109,#42DBFD
155,155,155,-67.65522955310726,3.24646857371443,3.811103652968036,#42DBFD
156,156,156,140.41990726754275,-5.730242714052232,21.3745791780822,#42DBFD
157,157,157,48.5931215317861,17.46004358878223,2.577219726027397,#42DBFD
158,158,158,105.16543351023708,10.940440486151711,1.4211521461187215,#42DBFD
159,159,159,-65.29270239263735,-4.582220970083402,3.557036849315068,#42DBFD
160,160,160,106.73665435121065,21.416287044445795,3.5609863013698635,#42DBFD
161,161,161,-14.0876365453406,12.158440672537075,0.0409097140410958,#D52D1F
162,162,162,115.97138280561998,42.29003188562152,78.05078630136987,#42DBFD
163,163,163,120.58789999947894,16.65036684434383,4.147407705479452,#42DBFD
164,164,164,-69.3674434758709,18.430525350213863,0.4598527397260274,#42DBFD
165,165,165,65.58107165384925,39.17036214146634,1.1592328767123288,#42DBFD
166,166,166,99.817880376259,-0.0084550352196206,21.3745791780822,#42DBFD
167,167,167,-4.1867686290861625,56.82951597697944,0.6301643835616438,#42DBFD
168,168,168,10.398676957117315,10.31894343588558,11.27346102739726,#42DBFD
169,169,169,178.2857658022531,-17.95991574648203,0.0068563561643835,#42DBFD
170,170,170,103.21545611470644,31.448416057766,78.05078630136987,#42DBFD
171,171,171,62.616281294393126,33.08466445798718,9.007811506849317,#42DBFD
172,172,172,14.655729502502645,47.23140587168966,0.1670753424657534,#42DBFD
173,173,173,95.16936662642952,20.80639797184074,2.006457180365297,#42DBFD
174,174,174,-65.45512216759069,-36.28075599831308,0.6881906392694063,#42DBFD
175,175,175,12.69747086731259,10.315522286173016,11.27346102739726,#42DBFD
176,176,176,-77.10315622833183,18.13349427835906,0.0030206757990867,#D52D1F
177,177,177,-5.1192712669024605,31.77401962781149,0.051461506849315,#D52D1F
178,178,178,104.5488541533498,31.20257979931397,78.05078630136987,#42DBFD
179,179,179,16.652314245180087,45.513784542537216,0.0003413698630136,#D52D1F
180,180,180,64.72101326972899,32.63127578920179,9.007811506849317,#42DBFD
181,181,181,36.535687421037146,-1.462088994217826,2.508953196347032,#42DBFD
182,182,182,26.33240052318761,-13.72843683238463,2.570801130136987,#42DBFD
183,183,183,26.71547326197541,-3.937348317459776,12.91065102739726,#42DBFD
184,184,184,-80.01728557610453,21.86127968599321,0.004224,#D52D1F
185,185,185,-76.6040499990778,-1.4126228466178166,0.5488403424657533,#42DBFD
186,186,186,117.20468649659682,24.11729713949359,78.05078630136987,#42DBFD
187,187,187,18.02899982703601,-11.68494279737974,0.3241202397260274,#D52D1F
188,188,188,101.80250610872238,3.9364546287121023,0.0163321643835616,#D52D1F
189,189,189,47.274222790546986,46.39372795725926,4.881205479452055,#42DBFD
190,190,190,69.75364553178485,30.37464191184929,7.735940376712329,#42DBFD
191,191,191,91.7328852807388,22.563052186047944,0.5882681335616439,#D52D1F
192,192,192,-149.89655078935476,69.57166216781019,5.070490867579909,#42DBFD
193,193,193,67.93838953813602,26.21506661454773,7.735940376712329,#42DBFD
194,194,194,-10.12067211816303,6.252049632573306,0.1052734557077625,#D52D1F
195,195,195,38.31871972233338,-7.308525417462986,7.607592842465754,#42DBFD
196,196,196,47.63288026411126,39.63091811123443,0.0037100456621004,#D52D1F
197,197,197,108.25072118371224,13.868321811729215,0.0725698630136986,#D52D1F
198,198,198,-86.18979522238972,14.865214298281389,0.0142597089041095,#D52D1F
199,199,199,20.46558810526353,6.830675234097779,0.1038005707762557,#42DBFD
200,200,200,6.841114786773198,8.574109404683902,7.491133160958904,#D52D1F
201,201,201,-5.658252354503434,6.945369589786612,4.525246849315069,#42DBFD
202,202,202,72.66880981349675,40.31047972659477,0.0098630136986301,#D52D1F
203,203,203,12.08851869898696,12.049097717491318,11.27346102739726,#42DBFD
204,204,204,9.627781719650956,8.783879979089981,11.27346102739726,#42DBFD
205,205,205,22.006038999781744,1.408217731061555,12.91065102739726,#42DBFD
206,206,206,126.88098192249228,-3.7734920628491535,21.3745791780822,#42DBFD
207,207,207,8.242555271338933,48.58367057106294,4.159095890410959,#42DBFD
208,208,208,90.73029953137136,28.58209841989994,78.05078630136987,#42DBFD
209,209,209,95.1352528053653,32.352909921960745,78.05078630136987,#42DBFD
210,210,210,-78.5984306793166,1.1908905599849111,0.0195069760273972,#D52D1F
211,211,211,101.63179674060947,-2.817689676577869,21.3745791780822,#42DBFD
212,212,212,-85.4179190940648,11.368781276994827,0.0140307808219178,#D52D1F
213,213,213,-84.26477424578307,13.036682583856356,0.0515416438356164,#42DBFD
214,214,214,128.5600477227613,36.12479154536325,0.0033941780821917,#D52D1F
215,215,215,56.53930813320283,32.957311714399545,2.802824691780822,#42DBFD
216,216,216,29.16951951702044,14.7552684666122,4.629496278538813,#42DBFD
217,217,217,103.05000222643548,14.157890277143403,0.0580062100456621,#D52D1F
218,218,218,86.34624658021697,48.05736286180953,78.05078630136987,#42DBFD
219,219,219,15.16512876187079,51.583171797218085,2.136675799086758,#42DBFD
220,220,220,100.5293235173453,1.637238329725509,21.3745791780822,#42DBFD
221,221,221,86.64855663646604,43.917462477616766,78.05078630136987,#42DBFD
222,222,222,174.72754957412485,-37.16508317178296,0.0005466164383561,#D52D1F
223,223,223,29.465011926121573,24.18535571106001,0.799417100456621,#42DBFD
224,224,224,-16.181002018459772,13.365211117630512,0.048257431849315,#D52D1F
225,225,225,26.58915466329892,56.291328053804925,0.0003990867579908,#D52D1F
226,226,226,56.306703673204815,20.552059214056555,0.0016302694063926,#D52D1F
227,227,227,25.958828829755703,-5.48317251381044,12.91065102739726,#42DBFD
228,228,228,26.630347133941385,-1.7881113068243444,12.91065102739726,#42DBFD
229,229,229,-63.74282221902829,8.807663576206538,0.0740319634703196,#D52D1F
230,230,230,9.570508662594488,46.91067730492792,0.0004520547945205,#D52D1F
231,231,231,128.2219199919241,44.53017978666725,78.05078630136987,#42DBFD
232,232,232,119.08563719449948,33.75326573925835,78.05078630136987,#42DBFD
233,233,233,-22.918777033112875,16.0411260351841,0.0005680159817351,#D52D1F
234,234,234,126.56144331846954,-8.744212464737169,0.0049131999999999,#D52D1F
235,235,235,55.74295925875124,24.167720660410662,0.0003273287671232,#D52D1F
236,236,236,-104.09418407204582,22.45828153249368,5.844870719178082,#42DBFD
237,237,237,14.202509385951869,9.380879127938162,0.514608301369863,#D52D1F
238,238,238,174.87301393614047,-37.30866795630404,0.0346190410958904,#42DBFD
239,239,239,-13.279415974475206,13.909396586576564,0.1086049315068493,#42DBFD
240,240,240,109.39789711690784,1.7256459542630491,21.3745791780822,#42DBFD
241,241,241,-71.1108174987853,19.2819742306479,0.0224030821917808,#D52D1F
242,242,242,-47.13279236658882,-22.75277006788109,3.557036849315068,#42DBFD
243,243,243,129.723039476711,42.20520754343474,0.0338652111872146,#D52D1F
244,244,244,20.740640635285168,43.71321561942512,0.3577271689497717,#42DBFD
245,245,245,106.73071865187936,28.67094534545292,78.05078630136987,#42DBFD
246,246,246,23.14335380579034,37.56383930287406,0.1438413242009132,#42DBFD
247,247,247,80.22971563797716,6.95254362389626,1.1568375000000002,#42DBFD
248,248,248,10.579842538037706,12.799497002345316,11.27346102739726,#42DBFD
249,249,249,28.028693029338484,-3.6161275549445975,12.91065102739726,#42DBFD
250,250,250,-71.72617465435343,41.97254637205165,5.070490867579909,#42DBFD
251,251,251,-0.9368708702225844,23.649725746720808,1.2178291780821917,#42DBFD
252,252,252,14.170577636683513,45.95691501889367,0.0044804794520547,#42DBFD
253,253,253,7.732290963348121,4.771320098948052,11.27346102739726,#42DBFD
254,254,254,37.39697283397744,47.61751179711798,0.3646232876712328,#42DBFD
255,255,255,12.451714067109984,48.80171129863538,0.0061681506849315,#D52D1F
256,256,256,9.588780362377172,11.95780097439736,7.491133160958904,#D52D1F
257,257,257,45.750953886258486,39.35645624904988,0.5507990867579908,#42DBFD
258,258,258,119.40707393075007,27.307577598125448,78.05078630136987,#42DBFD
259,259,259,97.78271564942877,42.53526779068456,78.05078630136987,#42DBFD
260,260,260,6.282649416764491,50.42139779313332,0.0006215753424657,#D52D1F
261,261,261,27.39130439250446,-8.094398761228117,1.850526647260274,#D52D1F
262,262,262,15.847081296952474,40.0735583631284,0.0009470319634703,#D52D1F
263,263,263,98.09138340560354,21.955318574157893,2.006457180365297,#42DBFD
264,264,264,80.51261453901337,9.469621091797476,0.0122849999999999,#D52D1F
265,265,265,10.325817201680032,12.19461140357592,7.491133160958904,#D52D1F
266,266,266,17.218086627473372,44.67335264348127,0.0084340616438356,#42DBFD
267,267,267,4.142595580234761,9.489495462760235,7.491133160958904,#D52D1F
268,268,268,98.11979651838983,64.87871098007668,0.027386301369863,#D52D1F
269,269,269,43.29863530472499,-11.37649349672451,0.0333087853881278,#42DBFD
270,270,270,34.028422060395904,0.4174174760933482,1.2617201369863014,#42DBFD
271,271,271,72.34913574199226,39.17802459128946,0.0048083219178082,#D52D1F
272,272,272,-3.711164382392279,10.382963629836633,0.428900707762557,#D52D1F
273,273,273,10.078360334407565,1.105683452256789,0.0085692913242009,#D52D1F
274,274,274,160.84502538296937,-8.523301132465141,0.1658124863013698,#42DBFD
275,275,275,48.76623544369867,34.23036230293968,2.802824691780822,#42DBFD
276,276,276,51.78317067756778,20.79757559477964,0.0116798150684931,#D52D1F
277,277,277,19.17133259946409,2.654569766518353,12.91065102739726,#42DBFD
278,278,278,108.766095873722,30.36006126296681,78.05078630136987,#42DBFD
279,279,279,115.48556591222965,-8.533553671331525,0.8880987123287671,#D52D1F
280,280,280,70.95729380395937,39.66573780683176,0.3616438356164383,#42DBFD
281,281,281,114.64967542589184,-0.6404985883563548,21.3745791780822,#42DBFD
282,282,282,104.88806421202864,-4.633679878151987,21.3745791780822,#42DBFD
283,283,283,17.668533572220397,45.5212518248777,0.1992746575342465,#42DBFD
284,284,284,120.25868746987491,0.7401324559083395,21.3745791780822,#42DBFD
285,285,285,1.0483013782025308,10.153552633001445,0.1168181917808219,#D52D1F
286,286,286,74.2386834589156,37.51249223119079,1.0210613013698628,#42DBFD
287,287,287,100.50089693170756,68.407196127652,4.881205479452055,#42DBFD
288,288,288,48.92339194337769,17.874345966451372,0.1638232694063926,#D52D1F
289,289,289,88.42671230184277,29.443223569807408,78.05078630136987,#42DBFD
290,290,290,-4.532708069391457,40.287234296602335,0.0015237442922374,#D52D1F
291,291,291,79.31564799784346,44.163402508379306,0.0046767123287671,#D52D1F
292,292,292,112.0973224166422,43.64998037245076,78.05078630136987,#42DBFD
293,293,293,25.528308065251142,23.621081212250665,0.0954142990867579,#D52D1F
294,294,294,-102.64667464351986,18.76841355965473,5.844870719178082,#42DBFD
295,295,295,-61.19492750636917,10.193260296370044,0.0273012465753424,#42DBFD
296,296,296,-55.128492490348606,-31.847074599879782,0.0007022494292237,#D52D1F
297,297,297,129.22756407085194,41.518323730274005,0.1027371575342465,#42DBFD
298,298,298,100.05893318016932,27.23859130316692,78.05078630136987,#42DBFD
299,299,299,113.9780193874456,-6.925936687685928,21.3745791780822,#42DBFD
300,300,300,42.69701955576446,11.362458069903653,0.081338002283105,#42DBFD
301,301,301,57.59419161927004,-20.4291047141399,0.0456187214611872,#42DBFD
302,302,302,22.91686228524537,-27.817055273321927,0.1573872808219178,#D52D1F
303,303,303,30.967071103853307,-28.52603666902311,5.515167739726027,#42DBFD
304,304,304,103.8676493680432,1.2746237931453352,0.0966438356164383,#42DBFD
305,305,305,72.15235671025397,35.989397025874744,7.735940376712329,#42DBFD
306,306,306,-58.3799753678823,5.445255382660057,0.0076656894977168,#42DBFD
307,307,307,65.49824654174124,36.49277234349364,0.945227589041096,#D52D1F
308,308,308,82.6976207918086,36.72097707151791,78.05078630136987,#42DBFD
309,309,309,21.701354276920764,-26.876570831062708,5.515167739726027,#42DBFD
310,310,310,9.114848369483584,56.576426748937045,0.1987397260273972,#42DBFD
311,311,311,1.5555638880192189,7.748728159061758,0.2182966210045662,#42DBFD
312,312,312,21.140889386908025,49.05398196505499,0.000296803652968,#D52D1F
313,313,313,11.636734634120934,8.792328048695541,7.491133160958904,#D52D1F
314,314,314,112.390129014302,44.88170275151917,78.05078630136987,#42DBFD
315,315,315,94.1066672025445,24.472214376336776,3.672987054794521,#D52D1F
316,316,316,3.0853591025475384,12.68845754530975,7.890470958904109,#42DBFD
317,317,317,107.11640888473502,15.008074201837386,0.0331865924657534,#D52D1F
318,318,318,94.69701377256806,38.7642050636263,78.05078630136987,#42DBFD
319,319,319,-1.2202595532760905,39.28086488695055,0.0647591324200913,#42DBFD
320,320,320,110.16456321447323,26.20245564644276,78.05078630136987,#42DBFD
321,321,321,31.378881475272788,-15.711953492338097,6.20454109589041,#42DBFD
322,322,322,11.817608445289196,3.510040380887291,6.20642904109589,#42DBFD
323,323,323,-59.84205695371857,-21.575639801375644,0.2376749315068493,#42DBFD
324,324,324,47.21932920238323,-19.763880436932567,0.5116494292237442,#42DBFD
325,325,325,-9.619429697580204,53.66162502521136,0.0003004566210045,#D52D1F
326,326,326,40.40521057438208,34.3792624708166,0.0125295205479452,#D52D1F
327,327,327,80.41611995422994,7.359934584273256,1.1568375000000002,#42DBFD
328,328,328,7.297917959357764,49.71113610561438,4.159095890410959,#42DBFD
329,329,329,90.35548247558168,31.733611434339835,78.05078630136987,#42DBFD
330,330,330,109.551350574165,32.491693226002155,78.05078630136987,#42DBFD
331,331,331,9.378200033837132,10.149680137589224,11.27346102739726,#42DBFD
332,332,332,103.14482527663846,0.8617075119584783,21.3745791780822,#42DBFD
333,333,333,-154.98199820880873,69.42184404136145,5.070490867579909,#42DBFD
334,334,334,122.70631008719346,11.487008367283014,4.147407705479452,#42DBFD
335,335,335,145.60341536184575,-7.202587104327447,0.0344239269406392,#D52D1F
336,336,336,52.71141901736236,24.05578708467536,0.0829232876712328,#42DBFD
337,337,337,9.410229005077827,24.87516645206211,0.117583506849315,#D52D1F
338,338,338,-56.87243084414458,4.535699935566898,0.0058843356164383,#42DBFD
339,339,339,8.514417448060769,6.694696293136082,11.27346102739726,#42DBFD
340,340,340,8.056001238968854,9.275627733057792,11.27346102739726,#42DBFD
341,341,341,37.51530773082892,-16.910741225663806,6.20454109589041,#42DBFD
342,342,342,-5.077688415674127,24.15031108050565,0.5118979566210046,#D52D1F
343,343,343,37.61799881040614,-5.674563199670726,7.607592842465754,#42DBFD
344,344,344,111.83646217256916,1.4616273391466053,0.2984843835616438,#42DBFD
345,345,345,103.43985713074824,29.7627920538032,78.05078630136987,#42DBFD
346,346,346,44.897512044666286,5.450942117144235,1.5755729452054794,#D52D1F
347,347,347,98.96408872776313,14.73568820151803,2.0540008219178083,#42DBFD
348,348,348,-14.07892640903558,19.714262258874285,0.2146043926940639,#42DBFD
349,349,349,-75.51910897808933,24.376613264625945,0.0003672602739726,#D52D1F
350,350,350,13.998154125586549,9.35554245400827,6.20642904109589,#42DBFD
351,351,351,36.70474645962271,30.079103972230016,0.0116916666666666,#D52D1F
352,352,352,-106.94071772711614,24.35739769162746,5.844870719178082,#42DBFD
353,353,353,45.9549315409049,15.699017249246998,2.577219726027397,#42DBFD
354,354,354,113.07098792946326,42.04343158045259,78.05078630136987,#42DBFD
355,355,355,-102.35202224518656,22.67768305123641,5.844870719178082,#42DBFD
356,356,356,35.67789000461102,34.222812353173794,0.4677660182648402,#42DBFD
357,357,357,66.49775762049606,35.336959178780816,9.007811506849317,#42DBFD
358,358,358,-73.46197851522834,2.187798286069551,3.811103652968036,#42DBFD
359,359,359,-2.9417220561478468,8.68953095124686,4.525246849315069,#42DBFD
360,360,360,108.42726450857757,36.33871899048709,78.05078630136987,#42DBFD
361,361,361,34.801377283152085,31.754492304047584,0.0005917808219178,#D52D1F
362,362,362,40.201546017492944,4.314628747719388,1.257315068493151,#42DBFD
363,363,363,-72.61012183557035,18.518819540331062,0.1021925114155251,#42DBFD
364,364,364,117.13906985963123,45.085270670330175,78.05078630136987,#42DBFD
365,365,365,33.353465112512865,-14.330437478340937,0.3659413013698629,#D52D1F
366,366,366,109.6740121842289,24.40050882335308,78.05078630136987,#42DBFD
367,367,367,81.63844378057468,31.492967138707986,78.05078630136987,#42DBFD
368,368,368,45.07381622977831,21.15290412967189,2.741321301369863,#42DBFD
369,369,369,97.36185948216854,19.29607325647788,0.2626252853881278,#D52D1F
370,370,370,-54.84543687460156,-8.298302810556194,0.1872124657534246,#D52D1F
371,371,371,-43.50908280205074,-3.678705114289152,3.557036849315068,#42DBFD
372,372,372,30.197678709314268,50.07311952882072,0.0076130136986301,#D52D1F
373,373,373,91.44300026705491,26.963720149923137,0.002114109589041,#D52D1F
374,374,374,21.626401400892284,6.562700512426107,0.1955697117579908,#D52D1F
375,375,375,12.314899326057883,1.2727167865777922,0.015137404109589,#D52D1F
376,376,376,-76.57894972560051,18.09372341030824,0.0487083972602739,#42DBFD
377,377,377,-9.963995656413855,5.883747285266374,0.1513007305936073,#42DBFD
378,378,378,36.84779054253809,38.93995076832517,2.599370445205479,#42DBFD
379,379,379,44.90374834618298,8.11892129318134,1.5755729452054794,#D52D1F
380,380,380,43.01581865727994,0.502988908403625,0.6246884075342466,#D52D1F
381,381,381,33.87155945884345,40.307313047158765,2.599370445205479,#42DBFD
382,382,382,27.21548350153573,58.72818365079101,0.052008904109589,#42DBFD
383,383,383,4.576577694409583,11.75088636830926,7.491133160958904,#D52D1F
384,384,384,33.78673733552091,12.00388975540812,4.629496278538813,#42DBFD
385,385,385,-22.91029704525593,16.11918222741806,0.0065615639269406,#42DBFD
386,386,386,-72.23350503505279,0.9625791303601448,0.0670172888127853,#D52D1F
387,387,387,47.7097176750297,29.742881595130143,0.0006787315068493,#D52D1F
388,388,388,116.56508892147988,48.817696493168455,78.05078630136987,#42DBFD
389,389,389,13.299908327498,47.30931500070354,0.0004828767123287,#D52D1F
390,390,390,111.86897483079208,36.75308643803741,78.05078630136987,#42DBFD
391,391,391,-103.2780912387383,28.20904986964788,5.844870719178082,#42DBFD
392,392,392,-76.18856209446065,-3.728313745476937,0.0573261735159817,#D52D1F
393,393,393,-61.19054889213222,10.695192937224482,0.0012791493150684,#D52D1F
394,394,394,78.39832727321358,34.94662582865975,78.05078630136987,#42DBFD
395,395,395,82.86283956824285,28.74131053799927,1.6262246575342465,#42DBFD
396,396,396,50.5560210995958,25.88712563564091,0.0002622171232876,#D52D1F
397,397,397,-55.94440178697002,-32.17819146876272,0.0223067465753424,#42DBFD
398,398,398,149.3816729969761,-30.681553345119053,0.098458904109589,#42DBFD
399,399,399,-57.21534171572257,3.77977641335208,0.0015023835616438,#D52D1F
400,400,400,109.90034886683011,28.29803532317373,78.05078630136987,#42DBFD
401,401,401,91.2147707951932,43.26562624551485,78.05078630136987,#42DBFD
402,402,402,79.34570581916783,33.67651634342063,78.05078630136987,#42DBFD
403,403,403,26.47716327733288,1.2504565069697176,12.91065102739726,#42DBFD
404,404,404,44.21033833413768,34.18185171162513,0.0950359178082191,#D52D1F
405,405,405,87.99057471794082,33.9714028504301,78.05078630136987,#42DBFD
406,406,406,20.263623460616813,40.83178798894957,0.0081716438356164,#42DBFD
407,407,407,-3.1722325700931773,5.58856815501661,4.525246849315069,#42DBFD
408,408,408,141.00369135642308,-3.8968508233578847,21.3745791780822,#42DBFD
409,409,409,110.65890573295688,-7.421353024289404,21.3745791780822,#42DBFD
410,410,410,-8.5492035334427,39.05100663728562,0.1516438356164383,#42DBFD
411,411,411,14.25984348207514,-7.252128250350417,1.183509589041096,#42DBFD
412,412,412,47.72409896074074,28.668666701423984,0.0774885136986301,#42DBFD
413,413,413,71.8499675858875,35.81983525629889,0.8805135388127854,#D52D1F
414,414,414,39.31525186140583,14.573930608902325,0.0442386986301369,#42DBFD
415,415,415,84.17449087296013,34.01580220622327,78.05078630136987,#42DBFD
416,416,416,10.009262182011565,7.203596661737662,7.491133160958904,#D52D1F
417,417,417,64.94583967117754,32.51152622401864,9.007811506849317,#42DBFD
418,418,418,-70.2333763126583,2.07457461461854,3.811103652968036,#42DBFD
419,419,419,10.757166892235064,-2.321152939518459,0.0216248630136986,#42DBFD
420,420,420,-7.265068981156912,40.51176190906088,0.0007488584474885,#D52D1F
421,421,421,25.83046244832565,45.8247850901533,0.0924200913242009,#42DBFD
422,422,422,120.73262666282132,17.506806511570588,4.147407705479452,#42DBFD
423,423,423,104.11591994697427,27.61710368248721,78.05078630136987,#42DBFD
424,424,424,2.5265067166406743,7.635980151308453,2.4607090410958903,#42DBFD
425,425,425,105.16895065778452,13.485187288125788,1.4211521461187215,#42DBFD
426,426,426,117.28138201367072,48.25643439106423,78.05078630136987,#42DBFD
427,427,427,15.319132645877538,45.87262428392825,0.0001493493150684,#D52D1F
428,428,428,26.443069950944,-32.75370221878991,5.515167739726027,#42DBFD
429,429,429,23.71801612424697,-14.543906060113931,2.570801130136987,#42DBFD
430,430,430,-9.083556190538124,9.5385678381819,1.7994564383561649,#42DBFD
431,431,431,-106.39560123499768,40.18466446428829,5.070490867579909,#42DBFD
432,432,432,117.75335056706896,45.83404962671784,78.05078630136987,#42DBFD
433,433,433,34.52389790519392,-4.681959425779532,7.607592842465754,#42DBFD
434,434,434,101.51910196496642,38.93666812305139,78.05078630136987,#42DBFD
435,435,435,83.99934414079085,42.102360800546016,78.05078630136987,#42DBFD
436,436,436,143.75308114655795,42.86093370398866,0.0049292237442922,#D52D1F
437,437,437,13.830198961016292,5.460144500651047,6.20642904109589,#42DBFD
438,438,438,-14.94712912898579,11.44177785802011,0.3575766609589041,#42DBFD
439,439,439,30.01401407507856,-4.049837579864576,0.1520036757990867,#42DBFD
440,440,440,37.43272575508905,30.724968274389425,0.04575,#42DBFD
441,441,441,58.82565423835251,41.17357512813716,0.0010688904109589,#D52D1F
442,442,442,-15.181575209485034,13.674532794091215,0.4154827465753425,#42DBFD
443,443,443,30.90375992846767,62.580130167958565,0.000172602739726,#D52D1F
444,444,444,-91.73884505242448,46.85506910289163,0.0770714611872146,#D52D1F
445,445,445,121.56167651656692,-2.512357687697742,21.3745791780822,#42DBFD
446,446,446,10.29202010494014,30.539068385932907,0.2757835616438356,#42DBFD
447,447,447,18.810047207353094,44.60190064639876,0.0003833664383561,#D52D1F
448,448,448,21.49083786697932,-9.042359046687938,1.183509589041096,#42DBFD
449,449,449,28.909134142429465,-14.822882861305027,2.570801130136987,#42DBFD
450,450,450,114.94232923458128,35.026376605123126,78.05078630136987,#42DBFD
451,451,451,67.20772102500548,28.87016160867296,7.735940376712329,#42DBFD
452,452,452,130.56470132041414,-3.6454927003657858,21.3745791780822,#42DBFD
453,453,453,8.44233844015065,15.962522810941712,7.890470958904109,#42DBFD
454,454,454,126.69063346560262,-8.634787894400946,0.0664319999999999,#42DBFD
455,455,455,19.99115266938457,46.34914137308407,0.1895890410958904,#42DBFD
456,456,456,19.260437948937906,42.33992969397272,0.0103068493150684,#42DBFD
457,457,457,55.192870395647525,43.78788530582512,1.4591342465753423,#42DBFD
458,458,458,37.2181347601485,3.183694370410149,2.508953196347032,#42DBFD
459,459,459,-77.82136208033779,8.28092743867457,0.0042547397260273,#D52D1F
460,460,460,36.61494179362167,39.7916225125125,0.0236306404109589,#D52D1F
461,461,461,130.08182532580906,44.78744592410614,78.05078630136987,#42DBFD
462,462,462,50.58974240331602,26.21876826838444,0.0196662842465753,#42DBFD
463,463,463,72.79329395800048,35.53659450085747,7.735940376712329,#42DBFD
464,464,464,24.397375396059868,-7.192100284442787,12.91065102739726,#42DBFD
465,465,465,47.06170764553078,35.63600537119405,0.0210540821917808,#D52D1F
466,466,466,22.16763735104462,-7.117753303796808,12.91065102739726,#42DBFD
467,467,467,11.859075325085485,58.63561999028234,0.4653652968036529,#42DBFD
468,468,468,16.379139517109984,51.27524237653234,2.136675799086758,#42DBFD
469,469,469,10.364938933012883,44.05511554101579,0.5398082191780822,#42DBFD
470,470,470,35.50029875194715,-7.762766346154779,1.2496484794520548,#D52D1F
471,471,471,-8.876537205488921,28.931759159646425,0.1837910958904109,#42DBFD
472,472,472,27.592465597400427,41.955140240789135,0.0393949771689497,#42DBFD
473,473,473,26.23315158007319,57.7846522620834,0.0001322260273972,#D52D1F
474,474,474,2.0309842749869165,9.305809349962333,2.4607090410958903,#42DBFD
475,475,475,108.41365154930374,28.795128201982045,78.05078630136987,#42DBFD
476,476,476,66.48042666400261,36.915302441641344,9.007811506849317,#42DBFD
477,477,477,57.05529747352014,22.14489619940711,0.302886894977169,#42DBFD
478,478,478,67.25317793958637,45.88652603733036,1.4591342465753423,#42DBFD
479,479,479,120.58103615800572,33.170969859247165,78.05078630136987,#42DBFD
480,480,480,43.28266075378309,-11.591199515878737,0.0074535232876712,#D52D1F
481,481,481,122.88577457245604,40.62260661340796,78.05078630136987,#42DBFD
482,482,482,10.54343637182194,9.662837121875476,11.27346102739726,#42DBFD
483,483,483,100.02356859916642,33.877964469137,78.05078630136987,#42DBFD
484,484,484,19.9581545939817,47.73643908477805,0.0013150684931506,#D52D1F
485,485,485,103.74669701547,29.331530381835684,78.05078630136987,#42DBFD
486,486,486,51.1808797940628,24.63774440954332,0.0181085844748858,#42DBFD
487,487,487,91.3879419608986,22.928963639608664,1.7342008561643836,#42DBFD
488,488,488,-7.0747710062629245,7.168047350765869,0.5780698356164384,#D52D1F
489,489,489,-65.54820794817635,-54.85785569556904,0.0276695205479452,#D52D1F
490,490,490,82.61383291126077,35.771810901492884,78.05078630136987,#42DBFD
491,491,491,51.17446266831307,32.01683679135742,2.802824691780822,#42DBFD
492,492,492,-96.34905424522748,50.04801488367506,0.0039703196347031,#D52D1F
493,493,493,28.60664517818913,-18.90141710302574,0.2756119566210046,#D52D1F
494,494,494,30.37037397802164,-2.155639544569963,1.320309863013699,#42DBFD
495,495,495,88.00630152030377,27.689812609840832,1.6262246575342465,#42DBFD
496,496,496,6.727721456942035,29.263552279530376,1.2178291780821917,#42DBFD
497,497,497,14.815636177997272,50.53761826339656,0.0003880136986301,#D52D1F
498,498,498,21.016397886808857,12.66133142194262,0.855956506849315,#D52D1F
499,499,499,5.747807447469945,52.42570786440816,0.0009412100456621,#D52D1F
500,500,500,8.840929974145679,56.41030076172,0.0002849315068493,#D52D1F
501,501,501,111.00391353316672,-8.244847893132883,21.3745791780822,#42DBFD
502,502,502,-77.98252819224923,34.66862217062067,5.070490867579909,#42DBFD
503,503,503,30.477513406089624,-6.761302233220545,7.607592842465754,#42DBFD
504,504,504,36.54564916147086,-11.545470039950372,7.607592842465754,#42DBFD
505,505,505,70.74843147166138,37.27829716838388,9.007811506849317,#42DBFD
506,506,506,37.60296898657496,-1.061859346097068,0.5465363013698631,#D52D1F
507,507,507,-72.7010565840859,-37.80748441106349,0.1337404109589041,#42DBFD
508,508,508,91.8108393714586,22.805820394578536,1.7342008561643836,#42DBFD
509,509,509,109.43314774403126,34.714472393683096,78.05078630136987,#42DBFD
510,510,510,-70.8576491028719,-32.81963495181675,0.0031611369863013,#D52D1F
511,511,511,13.437250675785444,53.95189353846399,4.159095890410959,#42DBFD
512,512,512,25.93988242149504,-30.9335469134105,5.515167739726027,#42DBFD
513,513,513,30.272719637680808,-1.2857163754651038,0.1029675616438356,#D52D1F
514,514,514,107.47582206246976,15.993336197955864,3.5609863013698635,#42DBFD
515,515,515,-84.82809286281734,14.943797323171529,1.0003734246575344,#42DBFD
516,516,516,89.85214780333209,35.159816530957954,78.05078630136987,#42DBFD
517,517,517,31.081020739288096,-26.433212742467123,0.0135073407534246,#D52D1F
518,518,518,61.378385629315936,41.70169606389136,1.1592328767123288,#42DBFD
519,519,519,27.23775532482416,-29.56093451918081,0.0311236310502283,#D52D1F
520,520,520,90.24336268601029,37.06224745774491,78.05078630136987,#42DBFD
521,521,521,111.25658616952845,34.113216033666795,0.3909279452054794,#D52D1F
522,522,522,98.92490212327434,19.61693795814331,2.0540008219178083,#42DBFD
523,523,523,20.528529455293054,43.29283942029138,0.0008534246575342,#D52D1F
524,524,524,8.483110353042608,52.091328892060176,4.159095890410959,#42DBFD
525,525,525,22.198857714638088,38.56513600864854,0.000297602739726,#D52D1F
526,526,526,11.52967914949524,-4.102602110521078,0.182448801369863,#42DBFD
527,527,527,-58.485394882546686,-22.92394041038986,0.0215915958904109,#D52D1F
528,528,528,132.85681969946026,59.25991058995036,4.881205479452055,#42DBFD
529,529,529,88.61709066271608,34.60581595427852,78.05078630136987,#42DBFD
530,530,530,12.745445273434004,3.545640086979067,6.20642904109589,#42DBFD
531,531,531,104.40062191460972,19.431459293783742,3.5609863013698635,#42DBFD
532,532,532,103.7629068389658,1.4328027900975904,0.0004657534246575,#D52D1F
533,533,533,18.49113362483796,-2.576032309738034,1.850526647260274,#D52D1F
534,534,534,33.44401046482575,-9.215415044684022,7.607592842465754,#42DBFD
535,535,535,6.421816252786349,50.06337505400897,4.159095890410959,#42DBFD
536,536,536,18.941456903675967,51.19952781097691,2.136675799086758,#42DBFD
537,537,537,118.24838743217364,34.56915424705048,78.05078630136987,#42DBFD
538,538,538,70.41362151994947,36.76897971795906,9.007811506849317,#42DBFD
539,539,539,-11.134637577463366,10.663340500453153,0.298699397260274,#D52D1F
540,540,540,19.39068818803148,42.87497046864689,0.0003513698630136,#D52D1F
541,541,541,75.25065462641422,16.10282913207897,3.672987054794521,#D52D1F
542,542,542,-12.66889977975082,11.57071073703757,1.7994564383561649,#42DBFD
543,543,543,22.63822164361655,43.9027851846403,0.0217351598173516,#D52D1F
544,544,544,-71.85591245836109,18.920797386211063,0.1442717808219178,#D52D1F
545,545,545,61.7412829271512,31.952250795830302,9.007811506849317,#42DBFD
546,546,546,16.1695200226594,49.214620540956695,0.0400947488584474,#42DBFD
547,547,547,45.83026516034145,41.89877306495877,0.1807247260273972,#42DBFD
548,548,548,70.54911651138484,28.559353782994112,7.735940376712329,#42DBFD
549,549,549,44.27282453462551,1.4953308322280168,0.3692368150684931,#42DBFD
550,550,550,126.95435754735352,37.2982508491225,0.2345068493150685,#42DBFD
551,551,551,160.249892880798,56.26312040743031,4.881205479452055,#42DBFD
552,552,552,25.9905747768828,-3.765143122135703,12.91065102739726,#42DBFD
553,553,553,12.218114334666955,3.999962097207287,6.20642904109589,#42DBFD
554,554,554,-11.24250582847312,9.795498562085104,0.3235117808219178,#42DBFD
555,555,555,117.21283745362273,49.48570845264935,78.05078630136987,#42DBFD
556,556,556,82.19800410100126,32.18824441198725,78.05078630136987,#42DBFD
557,557,557,30.283788721181324,-1.9970861617127544,1.320309863013699,#42DBFD
558,558,558,84.13415490851332,30.41234747858437,78.05078630136987,#42DBFD
559,559,559,96.52501744954128,19.47112419013282,2.006457180365297,#42DBFD
560,560,560,5.277350531299231,44.96158758438587,0.006669406392694,#D52D1F
561,561,561,99.66730947855976,23.187835146400783,78.05078630136987,#42DBFD
562,562,562,2.0612275150974684,6.708153330667499,2.4607090410958903,#42DBFD
563,563,563,9.547745703377888,34.76660894741043,0.0097945753424657,#D52D1F
564,564,564,25.074644545714683,3.750524882531309,12.91065102739726,#42DBFD
