,Unnamed: 0,indicator,ISO Country code,population,surface area (Km2),GINI index,happy planet index 2016,happy planet index 2019,human development index 2017,human development index 2021,sustainable economic development assessment (SEDA),GDP growth (annual %) 2018,GDP growth (annual %) latest,GDP ($ USD billions PPP) 2018,GDP ($ USD billions PPP) 2019,GDP ($ USD billions PPP) 2020,GDP ($ USD billions PPP) 2021,GDP per capita in $ (PPP) 2018,GDP per capita in $ (PPP) 2019,GDP per capita in $ (PPP) 2020,GDP per capita in $ (PPP) 2021,Economic Growth 2018,Economic Growth latest,health expenditure % of GDP 2014,health expenditure % of GDP 2015,health expenditure % of GDP 2016,health expenditure % of GDP 2017,health expenditure % of GDP 2018,health expenditure % of GDP 2019,health expenditure % of GDP 2020,health expenditure % of GDP 2021,health expenditure % of GDP latest,health expenditure per person 2015,health expenditure per person 2018,health expenditure per person 2019,infant mortality,"maternal mortality per 100,000 live births",education expenditure % of GDP 2014,education expenditure % of GDP 2018,education expenditure % of GDP 2021,Education as % of GDP 2018,Education as % of GDP latest,% of primary school aged kids out of school 2018,% of primary school aged kids out of school latest,Unemployment (%) 2018,Unemployment (%) 2021,% of population in extreme poverty,% of population with access to electricity,political rights score 2018,political rights score 2022,civil liberties score 2018,civil liberties score 2021,political stability & absence of violence 2017,political stability & absence of violence 2021,government effectiveness 2017,government effectiveness 2021,regulatory quality 2017,regulatory quality 2021,rule of law 2017,rule of law 2021,control of corruption 2017,control of corruption 2018,judicial effectiveness score 2018,judicial effectiveness score 2022,government integrity score 2018,government integrity score 2022,overall economic freedom score 2017,overall economic freedom score 2022,financial freedom score 2018,financial freedom score 2022,government expenditure (% of GDP),CO2e emissions per capita,share of electricity from renewables generation 2015,share of electricity from renewables generation latest,% of seats held by women in national parliaments 2017,% of seats held by women in national parliaments 2018,% of seats held by women in national parliaments 2021,Military Spending as % of GDP 2021,Military Spending as % of GDP 2019,Country,Alpha-2 code,Alpha-3 code,Numeric code,Latitude (average),Longitude (average),continents,education expenditure % of GDP latest,share of electricity from renewables generation,% of seats held by women in national parliaments
0,0,Afghanistan,AFG,36000000,652230,,20.2,29.4,0.498,0.478,,1.5,-2.35,75.6,78.6,76.7,76.7,2082.0,2152.0,2078.0,2078.0,1.19,-2.35,3.7,3.26,3.51,3.37,3.2,3.21,3.21,3.21,3.21,184.0,70.0,65.8,60.8,638.0,3.8,3.2,3.2,3.2,3.21,,,8.5,13.28,0.0,97.7,12,1,14,9,-2.78,-2.53,-1.3,-1.6,-1.3,-1.3,-1.57,-1.871,-1.52,-1.14,28.2,28.2,26.2,26.2,51.3,51.3,10.0,10.0,26.3,0.16,86.1,82.8,27.7,27.7,27.0,1.20,1.20,Afghanistan,AF,AFG,4,33.0,65.0,Asia,3.2,82.8,27.0
1,1,Albania,ALB,2900000,27398,29.0,36.8,51.0,0.785,0.796,53.1,2.6,8.54,38.2,39.0,37.6,40.8,13498.0,13999.0,13632.0,15646.0,4.02,8.54,3.05,3.44,3.96,3.61,3.61,3.92,3.1,3.1,3.92,774.0,274.9,274.9,2.4,15.0,,,3.1,,3.1,2.56,3.84,16.3,11.82,0.0,100.0,28,28,40,39,0.4,0.11,0.1,0.0,0.2,0.2,-0.4,-0.256,-0.42,-0.56,25.4,49.8,39.9,35.6,64.5,66.6,70.0,70.0,30.1,1.69,100.0,100.0,27.9,28.0,36.0,1.42,1.30,Albania,AL,ALB,8,41.0,20.0,Europe,3.1,100.0,36.0
2,2,Algeria,DZA,41000000,2381740,35.3,33.3,46.5,0.754,0.745,45.8,3.7,3.85,491.1,496.1,470.8,488.9,11909.0,12008.0,11323.0,12037.0,1.1,3.85,,,7.34,6.51,5.87,6.1,6.1,6.1,6.1,1031.0,256.0,248.2,11.6,112.0,,5.87,6.1,5.87,6.1,0.35,0.18,11.2,12.7,,99.8,10,10,25,22,-0.96,-0.88,-0.6,-0.6,-1.2,-1.2,-0.86,-0.816,-0.61,-0.61,35.2,29.7,29.0,30.1,44.7,45.8,30.0,30.0,42.5,3.98,0.3,1.1,25.8,26.0,8.0,5.59,6.00,Algeria,DZ,DZA,12,28.0,3.0,Africa,6.1,1.1,8.0
3,3,Angola,AGO,30000000,1246700,42.7,,,0.581,0.586,28.4,3.0,0.7,215.1,213.6,201.9,203.3,7149.0,6995.0,6478.0,6581.0,-1.32,0.7,3.12,3.49,2.75,2.47,2.04,1.93,2.42,2.42,2.42,196.0,87.3,71.3,8.8,241.0,,2.04,2.42,2.04,2.42,,,6.6,8.53,11.9,46.9,10,10,16,20,-0.29,-0.71,-1.0,-1.1,-1.0,-0.7,-1.1,-0.952,-1.41,-0.66,25.4,25.3,18.9,20.6,48.6,52.6,40.0,40.0,32.1,0.79,54.5,68.2,38.2,30.0,30.0,1.13,1.60,Angola,AO,AGO,24,-12.5,18.5,Africa,2.42,68.2,30.0
4,4,Argentina,ARG,44000000,2736690,41.7,35.2,50.0,0.825,0.842,57.3,1.2,10.26,1012.1,991.6,893.5,985.2,23291.0,22997.0,20769.0,23627.0,-2.62,10.26,5.36,5.78,5.55,5.45,4.88,4.72,4.72,4.72,4.72,1390.0,1127.9,946.0,9.7,39.0,5.4,4.88,4.72,4.88,4.72,0.4,0.42,6.6,10.9,0.3,100.0,33,35,50,49,0.18,-0.11,0.2,-0.4,-0.3,-0.6,-0.25,-0.462,-0.26,-0.4,44.5,57.9,32.6,45.1,52.3,50.1,60.0,60.0,38.5,3.74,30.7,27.1,38.9,39.0,45.0,0.57,0.70,Argentina,AR,ARG,32,-34.0,-64.0,South America,4.72,27.1,45.0
5,5,Armenia,ARM,3000000,28203,31.5,25.7,54.7,0.755,0.759,51.7,3.0,5.7,37.5,40.4,37.4,39.5,13019.0,14230.0,13311.0,14630.0,5.2,5.7,2.25,2.81,2.76,2.71,2.26,2.56,2.71,2.71,2.71,883.0,422.3,524.0,,26.0,2.2,2.26,2.71,2.26,2.71,6.91,10.48,16.8,20.9,0.1,100.0,15,23,30,32,-0.71,-0.84,-0.1,-0.2,0.3,0.1,-0.16,-0.096,-0.56,0.07,47.4,33.1,40.5,50.8,68.7,65.3,70.0,70.0,25.8,2.09,29.6,24.6,18.1,18.0,34.0,4.44,4.90,Armenia,AM,ARM,51,40.0,45.0,Asia,2.71,24.6,34.0
6,6,Australia,AUS,25000000,7682300,30.3,21.2,43.1,0.939,0.951,78.9,2.5,1.48,1224.9,1250.8,1250.7,1269.2,50169.0,51748.0,53317.0,55807.0,2.87,1.48,5.16,5.32,5.29,5.14,5.12,5.12,5.12,5.12,5.12,4492.0,5364.5,5427.5,3.0,6.0,5.2,5.12,5.12,5.12,5.12,0.43,1.46,5.7,5.11,0.4,100.0,40,39,58,56,0.9,0.85,1.5,1.5,1.9,1.8,1.68,1.674,1.8,1.74,93.4,95.2,77.4,87.0,80.9,77.7,90.0,90.0,36.0,15.24,14.4,24.6,28.7,29.0,31.0,1.98,1.90,Australia,AU,AUS,36,-27.0,133.0,Oceania,5.12,24.6,31.0
7,7,Austria,AUT,9000000,82445,30.5,30.5,46.8,0.908,0.916,80.3,0.9,4.48,488.5,495.8,462.4,483.1,56960.0,58076.0,55686.0,58427.0,2.5,4.48,5.45,5.46,5.48,5.37,5.22,5.22,5.22,5.22,5.22,5138.0,5322.3,5242.2,17.3,5.0,5.4,5.22,5.22,5.22,5.22,0.04,0.06,6.1,6.3,0.5,100.0,37,37,57,56,1.04,0.91,1.5,1.6,1.4,1.3,1.81,1.788,1.53,1.27,80.9,94.6,73.5,82.9,71.8,73.8,70.0,70.0,51.8,7.29,80.0,83.9,30.6,34.0,40.0,0.80,0.70,Austria,AT,AUT,40,47.3333,13.3333,Europe,5.22,83.9,40.0
8,8,Azerbaijan,AZE,10000000,82629,33.7,,48.0,0.757,0.745,51.1,1.1,5.6,141.2,144.8,138.5,146.3,14549.0,15052.0,14479.0,15843.0,1.5,5.6,2.63,2.95,2.9,2.47,2.46,2.68,2.68,2.68,2.46,1191.0,168.4,193.1,38.6,26.0,2.6,2.46,2.68,2.46,2.68,3.89,10.46,5.1,6.58,,100.0,3,2,9,7,-0.76,-0.85,-0.2,0.2,-0.3,-0.1,-0.56,-0.585,-0.88,-0.83,36.8,15.9,39.9,28.6,64.3,61.6,60.0,60.0,36.8,3.54,7.8,12.3,16.8,17.0,18.0,5.27,4.00,Azerbaijan,AZ,AZE,31,40.5,47.5,Asia,2.68,12.3,18.0
9,9,Bahamas,BHS,400000,10010,,,,0.807,0.812,60.4,0.5,13.72,14.0,14.2,10.8,12.3,37066.0,38064.0,29065.0,34108.0,1.83,13.72,2.5,2.25,2.33,2.42,2.25,2.29,2.37,2.78,2.78,1699.0,2002.4,2004.6,4.9,70.0,,2.25,2.78,2.25,2.78,,,15.3,13.24,,100.0,38,38,53,53,1.0,0.88,0.6,0.5,0.1,0.1,0.19,0.102,1.17,1.18,53.5,78.8,50.9,64.3,63.3,68.7,60.0,60.0,23.8,7.29,0.0,0.0,12.8,13.0,18.0,,,Bahamas,BS,BHS,44,24.25,-76.0,North America,2.78,0.0,18.0
10,10,Bahrain,BHR,1300000,760,,,33.6,0.846,0.875,63.9,3.2,2.23,72.8,74.4,70.7,72.3,47486.0,47224.0,43821.0,45411.0,2.11,2.23,2.47,2.67,2.87,2.32,2.37,2.09,2.15,2.15,2.15,2453.0,994.2,940.4,10.5,14.0,2.5,2.37,2.15,2.37,2.15,1.04,2.34,1.3,1.87,,100.0,2,2,10,10,-0.95,-0.51,0.2,0.7,0.4,0.8,0.45,0.471,-0.14,0.17,55.1,27.4,51.8,41.6,67.7,62.0,80.0,80.0,33.4,20.27,1.3,1.5,7.5,15.0,15.0,3.56,3.70,Bahrain,BH,BHR,48,26.0,50.55,Asia,2.15,1.5,15.0
11,11,Bangladesh,BGD,165000000,130170,32.1,38.4,54.5,0.608,0.661,35.3,6.4,6.94,838.8,904.9,936.1,1001.1,5322.0,5784.0,5995.0,6613.0,7.32,6.94,,,1.54,1.54,1.54,1.33,1.33,1.33,1.33,88.0,41.9,45.9,5.1,173.0,,,1.33,,1.33,,,4.1,5.23,,96.2,19,15,26,24,-1.25,-0.97,-0.7,-0.6,-0.8,-0.8,-0.67,-0.611,-0.83,-0.96,32.6,28.1,21.2,22.2,55.1,52.7,30.0,40.0,13.9,0.56,,3.9,20.3,20.0,21.0,1.27,1.30,Bangladesh,BD,BGD,50,24.0,90.0,Asia,1.33,3.9,21.0
12,12,Barbados,BRB,300000,430,,,,0.8,0.79,60.8,0.5,1.4,4.5,4.4,3.8,3.9,15989.0,16154.0,14046.0,14817.0,-1.03,1.4,6.14,5.38,4.71,4.37,5.43,3.2,3.06,6.45,6.45,1234.0,1164.5,1143.3,9.6,27.0,6.2,5.43,6.45,5.43,6.45,1.61,2.65,11.4,10.41,,100.0,38,38,58,57,0.98,1.12,0.8,0.5,0.5,0.6,0.66,0.375,1.42,1.24,54.4,88.2,53.8,68.7,57.0,71.3,60.0,60.0,45.0,4.36,1.0,3.3,16.7,20.0,20.0,,,Barbados,BB,BRB,52,13.1667,-59.5333,North America,6.45,3.3,20.0
13,13,Belarus,BLR,10000000,202900,26.5,21.7,42.9,0.808,0.808,59.9,-3.9,2.51,179.1,181.6,180.0,184.5,19428.0,20093.0,20238.0,21699.0,3.15,2.51,4.82,4.79,4.95,4.79,5.38,4.98,4.95,4.95,4.95,1085.0,351.0,399.4,10.0,2.0,4.8,5.38,4.95,5.38,4.95,1.3,5.24,0.5,4.74,0.0,100.0,6,2,15,6,0.03,-0.74,-0.4,-0.8,-0.7,-0.9,-0.82,-1.1,-0.26,-0.24,57.3,15.5,42.0,43.7,58.1,53.0,10.0,20.0,41.7,6.12,23.8,29.8,34.5,35.0,40.0,1.16,1.20,Belarus,BY,BLR,112,53.0,28.0,Europe,4.95,29.8,40.0
14,14,Belgium,BEL,11000000,30278,25.9,23.7,42.5,0.916,0.937,77.5,1.4,6.24,584.4,596.7,562.8,598.0,52535.0,54278.0,53070.0,58931.0,1.84,6.24,6.59,6.45,6.46,6.43,6.38,6.38,6.38,6.38,6.38,4782.0,5134.4,4960.4,56.5,5.0,6.6,6.38,6.38,6.38,6.38,0.52,0.89,8.3,6.42,0.1,100.0,39,39,56,57,0.42,0.61,1.2,1.1,1.2,1.3,1.34,1.326,1.5,1.48,69.5,91.2,70.9,83.6,67.5,69.6,70.0,70.0,54.1,8.1,95.2,52.0,38.0,38.0,42.0,1.08,0.90,Belgium,BE,BEL,56,50.8333,4.0,Europe,6.38,52.0,42.0
15,15,Belize,BLZ,400000,22806,,33.8,33.8,0.708,0.683,48.5,1.5,9.75,2.7,2.8,2.3,2.6,7319.0,7455.0,6166.0,6921.0,2.04,9.75,6.61,6.87,7.29,7.45,7.47,7.14,7.53,8.71,8.71,524.0,286.0,293.4,,36.0,6.5,7.47,8.71,7.47,8.71,0.66,0.15,11.0,8.22,,97.1,36,34,50,53,0.05,0.46,-0.6,-0.5,-0.5,-0.4,-0.96,-0.778,-0.27,-0.3,53.5,70.2,34.7,38.1,57.1,56.6,50.0,50.0,33.9,1.64,2.6,3.2,9.4,9.0,13.0,1.25,1.20,Belize,BZ,BLZ,84,17.25,-88.75,North America,8.71,3.2,13.0
16,16,Benin,BEN,11000000,110622,36.5,13.4,41.4,0.515,0.525,34.5,5.2,6.6,36.3,38.8,40.3,42.9,3236.0,3426.0,3505.0,3789.0,6.7,6.6,3.16,3.17,2.9,3.54,2.93,2.97,3.0,3.0,3.0,84.0,31.1,29.1,52.8,397.0,4.3,2.93,3.0,2.93,3.0,2.79,6.72,1.0,1.57,4.8,41.4,33,17,49,42,0.05,-0.3,-0.6,-0.2,-0.5,-0.4,-0.62,-0.594,-0.55,-0.15,31.3,55.3,30.2,40.3,56.7,61.0,50.0,50.0,21.9,0.62,,,7.2,7.0,8.0,0.56,0.70,Benin,BJ,BEN,204,9.5,2.25,Africa,3.0,,8.0
17,17,Bhutan,BTN,800000,38394,38.8,28.6,36.7,0.612,0.666,47.7,7.7,-10.08,8.6,9.1,8.1,8.1,11620.0,12366.0,11129.0,11129.0,3.06,-10.08,6.04,7.59,6.99,7.23,6.85,5.68,5.68,5.68,5.68,287.0,102.7,116.0,36.1,183.0,5.9,6.85,5.68,6.85,5.68,8.14,3.65,2.4,4.33,,100.0,28,29,27,32,1.13,0.97,0.6,0.8,-0.3,-0.4,0.63,0.636,1.57,1.55,51.6,60.9,50.9,73.5,61.8,59.3,30.0,30.0,30.5,1.38,100.0,100.0,8.5,15.0,17.0,,,Bhutan,BT,BTN,64,27.5,90.5,Asia,5.68,100.0,17.0
18,18,Bolivia,BOL,11000000,1083301,47.0,23.3,45.0,0.693,0.692,44.8,4.8,6.11,98.3,100.4,91.7,97.3,8862.0,9093.0,8283.0,9030.0,4.22,6.11,8.26,8.94,8.85,8.66,8.9,8.9,8.9,8.9,8.9,446.0,235.7,245.9,13.1,155.0,7.3,8.9,8.9,8.9,8.9,6.79,4.9,3.7,8.51,0.9,97.6,28,27,39,39,-0.3,-0.32,-0.4,-0.7,-0.9,-1.2,-1.21,-1.163,-0.66,-0.86,11.4,28.4,23.1,28.7,44.1,43.0,40.0,40.0,42.2,1.94,32.5,35.6,53.1,53.0,46.0,1.54,1.40,"Bolivia, Plurinational State of",BO,BOL,68,-17.0,-65.0,South America,8.9,35.6,46.0
19,19,Bosnia and Herzegovina,BIH,3900000,51187,33.8,25.3,47.8,0.768,0.78,50.2,2.8,7.1,47.8,49.2,47.6,51.0,14918.0,15711.0,15598.0,16846.0,3.74,7.1,,,,,,,,,,1102.0,539.9,553.8,2.2,10.0,,,,,,13.28,13.28,25.8,15.22,,100.0,21,19,34,34,-0.38,-0.38,-0.5,-1.0,-0.2,-0.2,-0.21,-0.279,-0.52,-0.64,43.7,37.2,28.4,33.4,61.4,63.4,60.0,60.0,44.1,6.38,36.7,37.3,21.4,21.0,26.0,0.89,0.90,Bosnia and Herzegovina,BA,BIH,70,44.0,18.0,Europe,,37.3,26.0
20,20,Botswana,BWA,2200000,566730,60.5,16.6,31.9,0.717,0.693,44.1,-0.3,11.36,36.6,37.8,34.5,38.4,16610.0,17097.0,15471.0,17604.0,3.98,11.36,,7.81,7.97,7.3,6.72,6.91,8.74,8.74,8.74,970.0,494.2,481.5,77.5,144.0,,6.72,8.74,6.72,8.74,,,18.4,24.72,,72.0,28,28,44,44,1.03,0.98,0.4,0.4,0.5,0.6,0.51,0.482,0.8,0.69,54.7,70.1,56.6,61.4,69.9,64.8,70.0,70.0,34.9,3.15,0.0,0.2,9.5,10.0,11.0,2.86,2.80,Botswana,BW,BWA,72,-22.0,24.0,Africa,8.74,0.2,11.0
21,21,Brazil,BRA,209000000,8358140,49.0,34.3,54.6,0.759,0.754,51.6,-3.8,4.62,3072.5,3110.1,2989.4,3127.5,15019.0,15358.0,14834.0,16056.0,1.78,4.62,5.95,6.24,6.31,6.32,6.09,6.09,6.09,6.09,6.09,1392.0,866.2,853.4,11.4,60.0,5.9,6.09,6.09,6.09,6.09,0.52,0.52,11.5,14.4,0.7,100.0,31,31,47,42,-0.41,-0.49,-0.3,-0.5,-0.1,-0.1,-0.28,-0.28,-0.53,-0.48,55.5,57.2,31.4,40.0,51.4,53.3,50.0,50.0,40.5,2.06,75.0,86.0,10.7,15.0,15.0,1.19,1.50,Brazil,BR,BRA,76,-10.0,-55.0,South America,6.09,86.0,15.0
22,22,Brunei,BRN,400000,5265,,,,0.853,0.829,72.5,-0.2,-1.61,25.9,26.9,27.2,26.8,61832.0,64719.0,65607.0,66620.0,0.05,-1.61,3.35,3.35,4.43,4.43,4.43,4.43,4.43,4.43,4.43,2083.0,763.1,671.6,23.2,10.0,3.4,3.4,3.4,,,0.77,1.68,2.0,7.65,,100.0,6,7,22,21,1.19,1.17,1.1,1.5,0.7,1.0,0.65,0.89,0.71,1.25,57.1,51.6,45.4,61.1,64.2,64.8,50.0,50.0,37.5,16.13,0.1,0.0,9.1,9.0,9.0,3.26,3.30,Brunei Darussalam,BN,BRN,96,4.5,114.6667,Asia,3.4,0.0,9.0
23,23,Bulgaria,BGR,7000000,108489,40.2,20.4,40.1,0.813,0.795,59.9,3.0,4.18,156.0,162.3,155.2,161.7,23016.0,24498.0,24564.0,26705.0,2.68,4.18,,,,4.08,4.08,4.08,4.08,4.08,4.08,1492.0,689.9,697.9,5.8,320.0,,,,,,13.3,13.3,8.0,5.42,0.3,99.7,33,33,47,46,0.37,0.46,0.3,-0.1,0.6,0.4,-0.04,-0.044,-0.16,-0.24,42.5,61.1,38.2,45.6,68.3,71.0,60.0,60.0,36.3,5.61,18.8,21.1,23.8,24.0,24.0,1.59,3.20,Bulgaria,BG,BGR,100,43.0,25.0,Europe,,21.1,24.0
24,24,Burkina Faso,BFA,19000000,273800,39.5,17.9,41.5,0.423,0.449,33.4,4.0,6.91,41.8,44.2,45.1,48.2,2168.0,2267.0,2274.0,2462.0,6.6,6.91,4.05,3.67,3.67,5.63,5.49,5.7,5.52,5.52,5.52,96.0,40.3,42.3,24.3,548.0,4.6,5.49,5.52,5.49,5.52,20.66,24.5,3.0,4.76,8.4,19.0,23,23,37,30,-0.92,-1.64,-0.6,-0.7,-0.4,-0.5,-0.4,-0.438,-0.11,-0.06,47.1,36.3,31.8,41.4,60.0,58.3,40.0,40.0,23.3,0.25,9.9,12.5,11.0,11.0,6.0,2.89,2.40,Burkina Faso,BF,BFA,854,13.0,-2.0,Africa,5.52,12.5,6.0
25,25,Burundi,BDI,11000000,25680,42.4,15.6,37.7,0.417,0.426,28.3,-4.1,1.8,8.5,8.7,8.7,8.8,780.0,783.0,771.0,793.0,1.61,1.8,6.78,6.37,4.69,4.76,5.08,5.35,5.04,5.04,5.04,64.0,22.4,20.6,3.4,,,5.08,5.04,5.08,5.04,6.39,10.11,1.6,1.79,,11.7,4,4,14,10,-1.97,-1.36,-1.3,-1.3,-0.8,-1.0,-1.4,-1.294,-1.28,-1.58,21.7,7.1,26.2,12.2,50.9,39.4,30.0,30.0,26.7,0.06,87.0,65.5,36.4,36.0,38.0,1.92,1.80,Burundi,BI,BDI,108,-3.5,30.0,Africa,5.04,65.5,38.0
26,26,Cabo Verde,CPV,500000,4033,,,,0.654,0.662,,1.8,6.95,3.7,3.9,3.4,3.6,7028.0,7475.0,6376.0,7028.0,4.53,6.95,4.96,5.27,5.29,5.18,5.37,4.73,7.58,7.58,7.58,310.0,190.5,177.9,6.7,58.0,5.0,5.37,7.58,5.37,7.58,6.45,6.45,10.5,10.5,,94.2,37,38,53,54,0.9,0.9,0.2,0.2,-0.2,-0.2,0.41,0.41,0.84,0.84,52.0,77.4,42.8,60.9,60.0,66.7,60.0,60.0,30.8,1.18,30.7,19.0,23.6,24.0,39.0,,,Cape Verde,CV,CPV,132,16.0,-24.0,Africa,7.58,19.0,39.0
27,27,Cambodia,KHM,16000000,176515,37.9,25.6,48.0,0.582,0.593,38.5,6.9,3.03,67.6,72.4,70.1,72.2,4259.0,4574.0,4423.0,4683.0,7.47,3.03,1.91,2.6,2.8,3.2,2.16,2.16,2.16,2.16,2.16,210.0,92.9,113.3,39.2,160.0,1.9,2.16,2.16,2.16,2.16,9.31,10.85,0.3,15.42,,86.4,10,5,20,19,0.17,-0.13,-0.7,-0.4,-0.5,-0.6,-1.06,-0.9,-1.29,-1.18,24.5,20.9,17.7,12.3,58.7,57.1,50.0,50.0,21.2,0.98,47.7,50.1,20.3,20.0,22.0,2.32,2.30,Cambodia,KH,KHM,116,13.0,105.0,Asia,2.16,50.1,22.0
28,28,Cameroon,CMR,24000000,472710,44.6,16.7,39.9,0.556,0.576,32.1,5.9,3.49,93.6,96.9,97.3,100.7,3801.0,3901.0,3867.0,4064.0,3.96,3.49,2.58,2.66,2.56,3.06,3.03,3.08,3.17,3.17,3.17,163.0,53.2,54.0,63.8,529.0,,3.03,3.17,3.03,3.17,,,4.5,0.61,,64.7,9,6,13,9,-1.08,-1.41,-0.8,-0.9,-0.8,-0.9,-1.02,-1.097,-1.18,-1.09,29.4,10.9,23.4,19.9,51.9,52.9,50.0,50.0,21.6,0.36,77.0,64.3,31.1,31.0,34.0,1.02,1.10,Cameroon,CM,CMR,120,6.0,12.0,Africa,3.17,64.3,34.0
29,29,Canada,CAN,37000000,9093507,32.1,23.9,40.2,0.926,0.936,76.9,1.2,4.56,1814.8,1848.9,1752.2,1832.1,49993.0,49299.0,46572.0,52085.0,2.78,4.56,,,,,,,,,,4600.0,5018.7,5048.4,3.9,10.0,,,,,,0.21,0.21,7.1,3.87,,100.0,40,40,59,58,1.11,0.94,1.9,1.6,1.9,1.6,1.8,1.627,1.92,1.65,77.1,96.4,78.3,86.7,77.7,76.6,80.0,80.0,39.9,15.43,64.7,68.8,26.3,27.0,30.0,1.32,1.30,Canada,CA,CAN,124,60.0,-95.0,North America,,68.8,30.0
30,30,Central African Republic,CAF,4900000,622984,43.6,,25.2,0.367,0.404,16.1,4.3,0.9,4.4,4.5,4.5,4.6,955.0,986.0,989.0,1021.0,3.79,0.9,2.22,1.91,1.75,1.75,1.57,1.77,2.17,2.17,2.17,32.0,53.7,37.2,4.4,829.0,,1.57,2.17,1.57,2.17,,,6.9,7.51,,15.5,4,3,5,4,-1.94,-2.1,-1.8,-1.6,-1.5,-1.5,-1.73,-1.667,-1.17,-1.23,28.2,12.3,24.6,18.3,49.2,45.7,30.0,30.0,13.4,0.05,86.2,99.4,8.6,9.0,13.0,1.86,1.50,Central African Republic,CF,CAF,140,7.0,21.0,Africa,2.17,99.4,13.0
31,31,Chad,TCD,15000000,1259200,43.3,12.8,30.4,0.404,0.394,20.4,1.8,-1.2,24.4,25.2,24.8,24.5,1614.0,1646.0,1592.0,1591.0,2.37,-1.2,2.6,2.4,2.3,2.45,2.26,2.37,2.91,2.91,2.91,100.0,29.7,29.9,11.6,1140.0,,2.26,2.91,2.26,2.91,25.72,25.72,5.8,1.88,8.4,11.1,4,1,14,14,-1.34,-1.34,-1.5,-1.4,-1.2,-1.2,-1.3,-1.325,-1.43,-1.48,24.1,13.6,23.1,13.1,49.3,49.8,40.0,40.0,17.7,0.14,,,12.8,15.0,32.0,2.79,2.20,Chad,TD,TCD,148,15.0,19.0,Africa,2.91,,32.0
32,32,Chile,CHL,18000000,743812,50.5,31.7,45.6,0.843,0.855,62.6,2.1,11.67,468.9,472.5,444.2,496.1,25527.0,25323.0,25089.0,29104.0,3.99,11.67,4.73,4.88,5.34,5.42,5.43,5.43,5.43,5.43,5.43,1903.0,1455.1,1375.8,5.5,13.0,4.7,5.43,5.43,5.43,5.43,1.28,1.28,6.6,9.13,0.4,100.0,37,38,57,56,0.38,0.06,0.9,0.6,1.3,1.0,1.01,0.914,1.04,0.98,63.4,91.4,61.2,71.4,75.2,74.4,70.0,70.0,25.0,4.82,44.7,48.3,15.8,23.0,35.0,1.96,1.80,Chile,CL,CHL,152,-30.0,-71.0,South America,5.43,48.3,35.0
33,33,China,CHN,1386000000,9326410,46.5,25.7,41.9,0.752,0.768,50.8,6.9,8.11,21229.4,22492.6,22996.4,24861.3,15496.0,16652.0,17189.0,19338.0,6.75,8.11,3.73,3.82,3.79,3.67,3.54,3.54,3.57,3.57,3.57,762.0,501.1,535.1,57.9,29.0,,3.54,3.57,3.54,3.57,,,4.6,4.82,0.1,100.0,0,-2,14,11,-0.25,-0.48,0.4,0.8,-0.2,-0.3,-0.26,0.035,-0.27,0.05,65.4,37.4,47.3,39.3,57.8,48.0,20.0,20.0,30.7,7.61,25.0,29.2,24.2,25.0,25.0,1.74,1.90,China,CN,CHN,156,35.0,105.0,Asia,3.57,29.2,25.0
34,34,Colombia,COL,49000000,1038700,51.1,40.7,60.2,0.843,0.752,49.1,3.1,10.56,710.9,733.5,681.8,753.9,15044.0,15673.0,14868.0,16894.0,2.56,10.56,4.63,4.47,4.48,4.54,4.45,4.51,4.93,4.93,4.93,853.0,513.2,495.3,47.2,83.0,4.7,4.45,4.93,4.45,4.93,2.28,1.21,9.9,14.34,5.6,100.0,29,29,36,35,-0.79,-0.91,-0.1,0.0,0.3,0.2,-0.36,-0.452,-0.37,-0.34,36.4,59.1,33.4,42.0,68.9,65.1,70.0,70.0,29.2,1.61,69.4,67.1,18.7,18.0,19.0,3.40,3.20,Colombia,CO,COL,170,4.0,-72.0,South America,4.93,67.1,19.0
35,35,Comoros,COM,800000,2235,55.9,23.1,42.4,0.752,0.558,,1.0,2.35,2.6,2.6,2.6,2.7,3147.0,3188.0,3148.0,3284.0,3.64,2.35,2.74,2.55,2.55,2.55,2.55,2.55,2.55,2.55,2.55,121.0,69.4,72.3,12.2,273.0,4.9,4.9,4.9,,,18.15,18.15,20.0,9.45,,86.7,24,16,31,26,0.03,-0.23,-1.6,-1.8,-1.0,-1.2,-1.05,-1.225,-0.68,-1.29,28.2,21.2,27.5,20.1,56.2,50.4,30.0,30.0,27.2,0.38,3.7,0.4,6.1,6.0,17.0,,,Comoros,KM,COM,174,-12.1667,44.25,Africa,4.9,0.4,17.0
36,36,Congo (Dem. Rep.),COD,81000000,2267048,42.1,,40.5,0.457,0.479,24.8,7.7,5.71,91.3,95.3,96.9,102.5,1112.0,1144.0,1142.0,1219.0,5.82,5.71,1.95,2.17,2.12,1.45,1.45,1.45,2.45,2.7,2.7,34.0,18.5,20.6,33.0,473.0,,,2.7,,2.7,,,3.6,5.43,,19.1,2,2,19,15,-2.3,-1.61,-1.6,-1.7,-1.5,-1.4,-1.69,-1.704,-1.42,-1.55,23.9,13.2,27.3,11.8,52.1,47.6,20.0,20.0,13.2,0.04,54.6,28.9,8.9,9.0,13.0,0.56,2.70,"Congo, the Democratic Republic of the",CD,COD,180,0.0,25.0,Africa,2.7,28.9,13.0
37,37,Congo (Rep.),COG,4500000,341500,48.9,18.8,47.2,0.606,0.571,32.7,2.5,-3.5,20.6,20.6,19.3,18.6,4022.0,3987.0,3689.0,3617.0,-4.81,-3.5,3.18,3.28,5.24,4.45,3.0,3.58,4.45,4.45,4.45,203.0,49.5,48.6,11.4,378.0,,3.0,4.45,3.0,4.45,15.63,15.63,11.2,23.01,,49.5,4,4,13,15,-0.53,-0.61,-1.2,-1.6,-1.3,-1.4,-1.1,-1.136,-1.33,-1.37,28.2,14.9,24.6,13.4,38.9,48.5,30.0,30.0,47.1,1.35,99.8,99.9,11.3,11.0,11.0,2.91,0.70,Congo,CG,COG,178,-1.0,15.0,Africa,4.45,99.9,11.0
38,38,Costa Rica,CRI,4900000,51060,48.5,44.7,62.1,0.794,0.809,58.9,3.7,7.58,103.4,105.9,101.6,109.3,21319.0,22632.0,22244.0,23387.0,2.62,7.58,6.68,6.87,6.89,7.07,6.77,6.8,6.71,6.71,6.71,1286.0,909.7,921.6,14.0,27.0,6.9,6.77,6.71,6.77,6.8,0.12,0.07,9.0,17.95,0.9,99.9,38,38,53,53,0.51,0.87,0.3,0.3,0.5,0.5,0.45,0.452,0.47,0.5,57.8,78.4,51.8,63.1,65.6,65.4,50.0,50.0,19.3,1.63,99.1,99.8,35.1,46.0,46.0,0.00,0.00,Costa Rica,CR,CRI,188,10.0,-84.0,North America,6.71,99.8,46.0
39,39,Cote d'Ivoire,CIV,24000000,318003,41.5,14.4,39.6,0.794,0.55,30.5,8.6,7.02,126.2,134.0,136.7,146.3,5154.0,5433.0,5465.0,5940.0,6.89,7.02,3.31,3.49,3.97,3.8,3.24,3.72,3.44,3.44,3.44,190.0,72.2,75.1,48.3,617.0,4.6,3.24,3.44,3.24,3.44,6.18,3.34,9.3,3.47,2.4,69.7,19,19,32,30,-1.09,-0.95,-0.7,-0.5,-0.4,-0.3,-0.63,-0.634,-0.52,-0.37,44.2,30.0,36.6,33.8,62.0,61.6,50.0,50.0,22.6,0.42,,,10.6,11.0,14.0,1.25,1.10,Côte d'Ivoire,CI,CIV,384,8.0,-5.0,Africa,3.44,,14.0
40,40,Croatia,HRV,4200000,55974,30.8,30.2,46.2,0.831,0.858,64.5,1.6,10.45,115.2,119.3,109.6,121.1,28877.0,30544.0,28780.0,33801.0,2.9,10.45,,,,3.85,3.91,3.91,3.91,3.91,3.91,1656.0,1014.2,1040.1,46.7,8.0,,3.91,3.91,3.91,3.91,1.62,1.62,13.5,8.68,0.2,100.0,37,36,49,49,0.75,0.71,0.6,0.6,0.4,0.5,0.33,0.303,0.19,0.06,56.5,69.9,40.5,50.0,61.0,67.6,60.0,60.0,47.4,4.06,68.5,59.2,18.5,19.0,31.0,2.74,1.70,Croatia,HR,HRV,191,45.1667,15.5,Europe,3.91,59.2,31.0
41,41,Cuba,CUB,11000000,109820,,,,0.777,0.764,,4.3,-10.95,0.0,0.0,0.0,0.0,,,,,2.25,-10.95,,,,,,,,,,,986.9,1031.9,,36.0,,,,,,2.16,0.2,2.9,2.76,,100.0,1,1,13,11,0.69,0.43,-0.2,-0.2,-1.3,-1.4,-0.43,-0.404,0.27,-0.01,10.0,15.6,38.1,39.9,31.9,29.5,10.0,10.0,62.4,2.29,4.2,4.6,48.9,53.0,53.0,2.90,2.90,Cuba,CU,CUB,192,21.5,-80.0,North America,,4.6,53.0
42,42,Cyprus,CYP,800000,9241,34.8,30.7,49.4,0.869,0.896,65.9,1.6,5.51,34.8,36.6,34.8,36.7,40559.0,42339.0,39593.0,42556.0,5.69,5.51,6.44,6.33,6.15,5.72,5.72,5.72,5.72,5.72,5.72,2137.0,1981.8,1996.5,2.3,6.0,,,,,,0.58,0.58,11.7,6.13,0.2,100.0,38,38,56,55,0.6,0.44,0.9,0.7,1.0,0.9,0.88,0.637,0.78,0.39,56.7,90.9,41.3,62.9,67.8,72.9,60.0,60.0,39.6,6.0,9.2,13.3,17.9,18.0,14.0,1.99,1.60,Cyprus,CY,CYP,196,35.0,33.0,Asia,,13.3,14.0
43,43,Czech Republic,CZE,11000000,77247,,27.3,46.8,0.888,0.889,71.1,4.2,3.34,424.5,437.3,412.0,425.8,41135.0,42847.0,41608.0,44261.0,3.2,3.34,3.97,5.75,5.55,3.81,4.27,4.27,4.27,4.27,4.27,2470.0,1765.6,1844.2,3.1,3.0,,4.27,4.27,4.27,4.27,0.41,0.41,4.0,2.89,0.0,100.0,37,36,56,55,1.02,0.96,1.0,1.1,1.2,1.3,1.12,1.126,0.57,0.64,57.9,81.8,51.1,59.6,74.2,74.4,80.0,80.0,41.4,9.02,12.1,15.6,20.0,22.0,25.0,1.43,1.20,Czech Republic,CZ,CZE,203,49.75,15.5,Europe,4.27,15.6,25.0
44,44,Denmark,DNK,6000000,42434,29.0,32.7,45.3,0.929,0.948,82.0,1.2,4.69,325.5,332.4,325.5,340.8,57483.0,58701.0,60230.0,64651.0,1.99,4.69,7.63,7.63,7.63,7.75,6.79,6.79,6.79,6.79,6.79,5083.0,6216.8,6003.3,27.9,4.0,,6.79,6.79,6.79,6.79,0.6,0.6,6.1,4.8,0.2,100.0,40,40,57,57,0.87,0.95,1.8,2.0,1.6,1.8,1.86,1.936,2.19,2.37,83.6,89.6,84.1,99.5,76.6,78.0,80.0,80.0,54.6,5.11,69.4,85.2,37.4,37.0,40.0,1.37,1.30,Denmark,DK,DNK,208,56.0,10.0,Europe,6.79,85.2,40.0
45,45,Djibouti,DJI,1000000,23180,40.9,16.4,16.4,0.476,0.509,,6.5,4.31,4.9,5.1,5.2,5.4,5181.0,5482.0,5533.0,5926.0,4.77,4.31,,3.59,3.92,3.75,3.63,3.63,3.63,3.63,3.63,147.0,71.1,61.8,31.7,248.0,,3.63,3.63,3.63,3.63,37.89,33.48,6.6,28.39,,61.8,7,5,19,19,-0.71,-0.71,-1.0,-0.8,-0.6,-0.9,-0.91,-1.009,-0.64,-0.78,13.8,28.3,29.0,24.5,45.1,55.3,50.0,50.0,49.3,0.43,,1.7,10.8,26.0,26.0,3.70,3.70,Djibouti,DJ,DJI,262,11.5,43.0,Africa,3.63,1.7,26.0
46,46,Dominican Republic,DOM,11000000,48320,47.1,30.3,54.8,0.736,0.767,48.1,7.0,12.27,188.2,197.7,184.4,207.1,18135.0,19190.0,17934.0,20769.0,6.98,12.27,3.96,3.82,3.85,3.92,3.93,4.04,4.62,4.62,4.62,873.0,461.5,491.1,19.5,95.0,,5.57,4.7,3.93,4.62,5.67,4.11,14.4,8.5,0.4,100.0,26,27,41,41,0.16,0.14,-0.4,0.0,-0.1,0.1,-0.42,-0.096,-0.74,-0.57,23.1,55.9,26.2,30.8,61.6,63.0,40.0,40.0,17.7,2.54,12.2,10.9,26.8,27.0,28.0,0.65,0.70,Dominican Republic,DO,DOM,214,19.0,-70.6667,North America,4.7,10.9,28.0
47,47,Ecuador,ECU,17000000,276841,45.9,37.0,58.8,0.752,0.74,48.1,0.0,4.24,197.5,197.5,182.2,189.9,11838.0,11850.0,10890.0,11661.0,1.29,4.24,5.26,5.0,4.36,4.61,4.62,4.23,4.13,4.13,4.13,980.0,495.2,486.5,16.6,59.0,,4.62,4.13,4.62,4.13,1.31,1.38,5.4,6.43,2.1,98.8,25,31,35,40,-0.1,-0.27,-0.3,-0.2,-1.0,-0.7,-0.7,-0.339,-0.6,-0.57,23.3,47.3,30.2,37.2,48.5,54.3,40.0,40.0,39.8,2.26,54.1,81.2,38.0,38.0,39.0,2.46,2.30,Ecuador,EC,ECU,218,-2.0,-77.5,South America,4.13,81.2,39.0
48,48,Egypt,EGY,98000000,995450,31.8,23.8,43.2,0.696,0.731,43.1,4.2,3.33,1118.7,1180.9,1223.0,1263.7,11638.0,12260.0,12606.0,13316.0,5.31,3.33,4.25,3.93,4.05,4.05,4.05,2.61,2.48,2.48,2.48,495.0,125.5,149.8,3.1,37.0,,,2.48,,2.48,0.65,0.65,12.0,9.33,,100.0,10,6,16,12,-1.42,-1.02,-0.6,-0.4,-0.9,-0.5,-0.53,-0.245,-0.54,-0.68,52.5,22.1,32.2,28.7,53.4,49.1,50.0,50.0,34.1,2.48,8.7,9.6,14.9,15.0,28.0,1.30,1.20,Egypt,EG,EGY,818,27.0,30.0,Africa,2.48,9.6,28.0
49,49,El Salvador,SLV,6000000,20721,36.0,35.6,56.3,0.674,0.675,47.2,2.4,10.8,55.3,56.6,51.8,57.4,8822.0,9147.0,8420.0,9669.0,2.43,10.8,3.82,3.91,3.83,3.73,3.61,3.39,3.39,3.39,3.39,578.0,288.5,300.1,1.6,46.0,3.4,3.61,3.39,3.61,3.39,,,6.3,5.94,0.3,100.0,34,26,36,33,-0.25,-0.21,-0.4,-0.3,-0.2,-0.3,-0.86,-0.848,-0.51,-0.53,35.4,46.8,25.2,36.1,63.2,59.6,60.0,60.0,21.3,1.21,58.4,71.2,32.1,31.0,27.0,1.37,1.20,El Salvador,SV,SLV,222,13.8333,-88.9167,North America,3.39,71.2,27.0
50,50,Equatorial Guinea,GNQ,800000,28051,,,,0.591,0.596,,-12.2,-0.95,26.7,25.2,24.2,23.9,20873.0,19385.0,18158.0,18127.0,-6.24,-0.95,,,,,,,,,,790.0,310.6,254.9,3.6,301.0,,,,,,,,7.3,9.24,,66.7,1,0,6,5,-0.15,-0.29,-1.4,-1.2,-1.4,-1.7,-1.49,-1.197,-1.83,-1.57,17.6,6.9,26.2,6.5,42.0,47.2,30.0,30.0,36.1,3.95,45.9,10.6,24.0,20.0,23.0,1.31,1.10,Equatorial Guinea,GQ,GNQ,226,2.0,10.0,Africa,,10.6,23.0
51,51,Eritrea,ERI,5000000,101000,,,,0.44,0.492,,4.8,4.8,0.0,0.0,0.0,0.0,,,,,,,,,,,,,,,,56.0,24.0,25.3,2.7,480.0,,,,,,47.35,47.35,7.3,8.05,,52.2,1,1,2,2,-0.66,-1.01,-1.7,-1.7,-2.2,-2.3,-1.56,-1.572,-1.2,-1.24,13.8,3.9,23.4,11.1,41.7,39.7,20.0,20.0,28.5,0.25,1.0,5.3,22.0,22.0,22.0,,,Eritrea,ER,ERI,232,15.0,39.0,Africa,,5.3,22.0
52,52,Estonia,EST,1300000,42388,34.8,17.9,34.4,0.871,0.89,70.8,1.1,8.35,46.4,48.3,46.9,50.8,36249.0,37851.0,37645.0,42192.0,4.13,8.35,4.39,5.14,5.16,4.96,5.26,5.26,5.26,5.26,5.26,1887.0,1552.6,1598.8,35.4,9.0,,5.26,5.26,5.26,5.26,2.16,2.16,6.9,6.33,0.3,100.0,38,38,56,56,0.66,0.76,1.1,1.4,1.6,1.6,1.28,1.428,1.24,1.54,83.9,92.3,75.7,83.9,78.8,80.0,80.0,70.0,39.8,7.67,16.5,44.2,26.7,27.0,26.0,2.16,2.10,Estonia,EE,EST,233,59.0,26.0,Europe,5.26,44.2,26.0
53,53,Eswatini,SWZ,1100000,17204,50.4,15.5,35.3,0.588,0.597,,1.7,7.43,9.7,9.9,9.8,10.5,8725.0,9018.0,8865.0,9816.0,2.38,7.43,7.07,5.36,5.41,6.14,5.68,5.65,5.34,5.0,5.0,,298.1,264.1,,437.0,,5.68,5.0,5.68,5.0,16.35,16.35,25.3,25.76,,79.7,1,1,15,16,-0.3,-0.03,-0.6,-0.7,-0.6,-0.6,-0.29,-0.561,-0.3,-0.65,35.3,36.9,26.9,32.1,55.9,51.4,40.0,40.0,34.1,0.84,53.6,54.6,6.2,7.0,10.0,1.70,1.80,Swaziland,SZ,SWZ,748,-26.5,31.5,Africa,5.0,54.6,10.0
54,54,Ethiopia,ETH,105000000,1000000,33.0,26.7,41.7,0.463,0.498,32.3,10.2,5.64,229.8,249.0,264.1,278.9,2154.0,2315.0,2423.0,2600.0,6.82,5.64,4.6,4.74,5.06,5.65,5.07,5.07,5.07,5.07,5.07,66.0,24.3,26.7,3.2,401.0,,5.07,5.07,5.07,5.07,,12.79,5.7,3.69,,51.1,4,12,8,11,-1.69,-2.07,-0.7,-0.6,-1.0,-0.9,-0.45,-0.606,-0.56,-0.4,37.6,20.5,37.7,33.2,52.8,49.6,20.0,20.0,17.7,0.16,100.0,100.0,38.8,39.0,43.0,0.53,0.60,Ethiopia,ET,ETH,231,8.0,38.0,Africa,5.07,100.0,43.0
55,55,Fiji,FJI,900000,18274,,,,0.741,0.73,49.0,4.3,-4.08,12.2,12.2,10.3,9.9,14177.0,14262.0,12158.0,12060.0,3.81,-4.08,4.27,4.81,4.84,4.65,4.84,5.07,5.07,5.07,5.07,331.0,216.1,235.7,3.4,34.0,,4.84,5.07,4.84,5.07,,1.18,7.9,5.24,0.2,100.0,24,23,35,35,0.79,0.67,0.1,0.6,-0.2,0.0,-0.25,0.311,0.36,0.47,47.1,43.4,34.8,54.3,62.0,56.4,50.0,50.0,32.6,1.83,46.2,57.9,16.0,20.0,22.0,1.65,1.60,Fiji,FJ,FJI,242,-18.0,175.0,Oceania,5.07,57.9,22.0
56,56,Finland,FIN,6000000,303815,27.2,31.3,51.3,0.92,0.94,81.3,0.4,3.47,265.0,268.3,262.1,271.2,49581.0,50322.0,50937.0,55007.0,1.14,3.47,7.1,7.03,6.85,6.36,6.28,6.28,6.28,6.28,6.28,3669.0,4515.7,4450.3,23.0,3.0,7.2,6.28,6.28,6.28,6.28,1.33,1.33,9.0,7.53,0.0,100.0,40,40,60,60,1.07,0.98,1.9,2.0,1.8,1.9,2.03,2.058,2.22,2.27,82.7,97.8,89.8,96.4,74.1,78.3,80.0,80.0,57.1,7.37,46.3,53.2,42.0,42.0,46.0,2.03,1.50,Finland,FI,FIN,246,64.0,26.0,Europe,6.28,53.2,46.0
57,57,France,FRA,67000000,549970,29.3,30.4,51.8,0.901,0.903,73.9,1.1,6.96,3038.6,3094.6,2851.6,3050.1,46577.0,49072.0,46991.0,50729.0,1.87,6.96,,,,5.45,5.41,5.41,5.41,5.41,5.41,4542.0,4657.8,4491.7,,8.0,5.5,5.41,5.41,5.41,5.41,0.01,0.01,10.0,8.06,0.0,100.0,38,38,52,51,0.21,0.37,1.4,1.3,1.2,1.2,1.44,1.289,1.26,1.31,72.7,85.5,65.1,75.9,63.9,65.9,70.0,70.0,57.0,4.47,16.8,23.7,39.0,40.0,40.0,1.95,1.90,France,FR,FRA,250,46.0,2.0,Europe,5.41,23.7,40.0
58,58,Gabon,GAB,1900000,257667,42.2,17.5,39.9,0.702,0.706,40.9,4.0,1.51,31.2,32.5,31.9,32.4,15096.0,15577.0,15105.0,15598.0,0.84,1.51,2.67,2.99,2.66,3.33,2.93,2.73,3.18,3.18,3.18,481.0,218.5,215.0,3.6,252.0,,2.93,3.18,2.93,3.18,,,18.5,22.26,,91.6,4,3,19,18,-0.09,-0.09,-0.9,-0.8,-0.8,-0.8,-0.68,-0.696,-0.81,-0.85,27.8,18.6,33.4,24.4,58.0,55.8,40.0,40.0,22.6,2.42,45.0,58.2,17.1,17.1,16.0,1.71,1.60,Gabon,GA,GAB,266,-1.0,11.75,Africa,3.18,58.2,16.0
59,59,"Gambia, The",GMB,2100000,10120,50.2,,,0.46,0.5,,4.4,5.63,4.9,5.2,5.2,5.5,2210.0,2320.0,2277.0,2434.0,7.23,5.63,2.23,2.16,2.02,2.46,2.37,2.79,2.76,2.76,2.76,,35.8,29.7,51.4,597.0,,2.37,2.76,2.37,2.76,18.19,13.63,29.7,11.21,,62.3,20,21,21,26,,0.18,,-0.6,,-0.9,,-0.386,,-0.36,38.8,37.2,36.8,38.1,52.3,58.0,50.0,50.0,29.4,0.25,,1.0,10.3,10.0,9.0,0.75,0.80,Gambia,GM,GMB,270,13.4667,-16.5667,Africa,2.76,1.0,9.0
60,60,Georgia,GEO,3700000,69700,40.1,31.1,44.3,0.78,0.802,55.4,2.8,10.36,53.1,55.8,52.0,57.4,14594.0,15622.0,14731.0,16997.0,4.84,10.36,3.0,3.16,3.59,3.57,3.52,3.81,3.85,3.85,3.85,718.0,312.7,291.1,33.0,25.0,,3.52,3.85,3.52,3.85,0.79,0.62,11.6,10.66,1.5,100.0,26,22,38,36,-0.37,-0.42,0.6,0.7,1.1,1.1,0.33,0.171,0.74,0.69,64.2,56.4,61.8,64.4,76.2,71.8,60.0,70.0,29.8,2.72,78.9,75.9,16.0,16.0,19.0,1.67,2.00,Georgia,GE,GEO,268,42.0,43.5,Asia,3.85,75.9,19.0
61,61,Germany,DEU,83000000,348672,27.0,29.8,52.7,0.936,0.942,79.6,1.5,2.89,4434.4,4481.2,4276.4,4400.1,55235.0,55653.0,54845.0,57928.0,1.09,2.89,4.92,4.86,4.84,4.87,4.98,4.98,4.98,4.98,4.98,5357.0,5482.0,5440.3,47.2,7.0,4.9,4.98,4.98,4.98,4.98,0.69,0.69,4.3,3.54,0.0,100.0,39,39,55,55,0.58,0.76,1.7,1.3,1.8,1.6,1.61,1.609,1.84,1.81,78.0,95.3,75.3,89.4,74.2,76.1,70.0,70.0,44.2,7.91,31.8,48.6,37.0,31.0,35.0,1.34,1.30,Germany,DE,DEU,276,51.0,9.0,Europe,4.98,48.6,35.0
62,62,Ghana,GHA,29000000,227533,42.3,21.4,39.5,0.592,0.632,40.2,3.5,5.36,158.2,168.5,169.4,178.5,5442.0,5774.0,5750.0,6178.0,6.2,5.36,4.4,4.43,4.39,3.53,3.89,3.89,3.89,3.89,3.89,249.0,76.8,75.3,,308.0,6.2,3.89,3.89,3.89,3.89,3.62,5.98,5.8,4.7,,85.9,37,35,46,45,0.09,0.07,-0.1,-0.1,-0.1,-0.2,0.13,-0.081,-0.23,-0.11,43.7,57.0,32.9,45.4,56.0,59.8,60.0,60.0,26.5,0.66,52.2,38.5,12.7,13.0,15.0,0.49,0.40,Ghana,GH,GHA,288,8.0,-2.0,Africa,3.89,38.5,15.0
63,63,Greece,GRC,11000000,130647,36.7,23.6,48.8,0.87,0.887,64.1,-0.2,8.34,312.8,318.4,289.7,313.8,29618.0,30356.0,27949.0,31295.0,1.67,8.34,,3.66,3.66,3.48,3.6,3.6,3.6,3.6,3.6,2204.0,1572.7,1500.6,14.5,3.0,,3.6,3.6,3.6,3.6,1.43,0.89,23.9,14.8,0.4,100.0,35,37,50,50,-0.13,0.15,0.3,0.4,0.2,0.4,0.08,0.35,-0.14,0.21,59.0,69.9,37.9,52.3,57.3,61.5,40.0,50.0,51.3,5.6,29.7,43.6,18.3,19.0,22.0,3.87,2.60,Greece,GR,GRC,300,39.0,22.0,Europe,3.6,43.6,22.0
64,64,Guatemala,GTM,17000000,107159,53.0,34.2,57.9,0.65,0.627,42.5,4.0,7.53,138.3,143.7,141.5,152.1,8664.0,9019.0,8853.0,9769.0,3.32,7.53,2.99,3.03,2.94,2.95,3.14,3.2,3.3,3.3,3.3,444.0,259.6,271.0,,95.0,2.9,3.14,3.3,3.14,3.3,10.63,10.55,2.4,3.57,,97.1,23,21,33,30,-0.57,-0.39,-0.6,-0.8,-0.3,-0.3,-1.06,-1.093,-0.74,-1.17,33.1,36.9,27.3,26.5,63.4,63.2,50.0,50.0,12.5,1.16,61.7,75.4,12.7,13.0,19.0,0.44,0.40,Guatemala,GT,GTM,320,15.5,-90.25,North America,3.3,75.4,19.0
65,65,Guinea,GIN,13000000,245717,39.4,,38.1,0.459,0.465,28.3,0.1,3.12,31.0,32.8,34.3,35.4,2559.0,2675.0,2754.0,2879.0,6.36,3.12,2.42,2.52,2.54,2.32,2.38,1.85,2.2,2.2,2.2,57.0,35.7,43.0,34.7,576.0,2.4,2.38,2.2,2.38,2.2,,14.46,6.8,6.34,3.1,44.7,17,10,24,24,-0.61,-0.97,-1.0,-0.9,-0.8,-1.0,-1.23,-1.131,-1.01,-1.0,28.2,27.8,26.9,25.6,52.2,54.2,40.0,40.0,25.4,0.31,50.0,63.6,21.9,22.0,17.0,1.48,2.00,Guinea,GN,GIN,324,11.0,-10.0,Africa,2.2,63.6,17.0
66,66,Guinea-Bissau,GNB,1700000,28120,,,,0.455,0.483,,4.8,3.8,3.6,3.7,3.6,3.8,1947.0,2021.0,1949.0,2057.0,1.28,3.8,2.2,2.3,2.3,2.2,2.14,2.95,2.71,2.71,2.71,100.0,61.2,62.6,58.3,667.0,,2.14,2.71,2.14,2.71,,,6.5,6.76,4.7,33.3,16,17,25,26,-0.6,-0.28,-1.8,-1.4,-1.2,-1.3,-1.44,-1.438,-1.56,-1.3,53.5,14.0,27.3,15.9,56.9,46.0,30.0,30.0,21.9,0.17,,2.4,13.7,14.0,14.0,1.78,1.40,Guinea-Bissau,GW,GNB,624,12.0,-15.0,Africa,2.71,2.4,14.0
67,67,Guyana,GUY,800000,196849,44.6,,,0.654,0.714,42.8,3.0,19.93,9.7,10.2,14.7,17.6,12776.0,13634.0,19703.0,24494.0,4.44,19.93,4.36,3.9,4.74,4.66,4.45,4.45,4.45,4.45,4.45,336.0,301.4,325.9,4.1,169.0,,4.45,4.45,4.45,4.45,,,11.4,16.42,,92.5,32,30,42,43,-0.04,-0.14,-0.3,-0.2,-0.4,-0.5,-0.29,-0.398,-0.51,-0.17,42.5,47.4,34.8,41.5,58.7,59.5,30.0,30.0,31.2,3.64,,2.4,31.9,32.0,36.0,0.96,1.70,Guyana,GY,GUY,328,5.0,-59.0,South America,4.45,2.4,36.0
68,68,Haiti,HTI,11000000,27560,60.8,28.6,38.2,0.498,0.535,24.2,1.0,-1.8,35.2,34.6,33.5,32.9,3241.0,3203.0,3095.0,3127.0,1.67,-1.8,1.75,1.86,1.4,1.5,1.63,1.63,1.63,1.63,1.63,120.0,63.1,57.0,3.4,480.0,,1.63,1.63,1.63,1.63,,,13.2,15.73,,46.9,17,11,24,22,-0.7,-1.1,-2.1,-2.2,-1.3,-1.3,-1.09,-1.251,-1.24,-1.42,42.5,18.6,24.6,14.3,55.8,50.0,30.0,30.0,21.9,0.29,8.4,13.6,2.5,3.0,3.0,0.19,0.00,Haiti,HT,HTI,332,19.0,-72.4167,North America,1.63,13.6,3.0
69,69,Honduras,HND,9000000,111890,47.1,27.2,57.7,0.617,0.621,41.9,3.6,12.53,54.5,55.9,50.9,57.3,5816.0,5978.0,5420.0,6253.0,3.84,12.53,7.09,6.41,5.16,4.94,6.06,4.91,6.44,6.44,6.44,353.0,180.9,187.6,45.6,65.0,,6.06,6.44,6.06,6.44,15.7,15.7,6.3,8.51,4.3,93.2,20,21,26,26,-0.55,-0.61,-0.5,-0.8,-0.4,-0.5,-1.05,-1.072,-0.72,-1.07,34.5,29.0,28.2,25.4,60.6,59.5,60.0,60.0,27.9,1.05,43.6,57.5,25.8,21.0,27.0,1.61,1.60,Honduras,HN,HND,340,15.0,-86.5,North America,6.44,57.5,27.0
70,70,Hungary,HUN,10000000,89608,28.2,26.4,45.4,0.838,0.846,66.1,2.9,7.1,304.2,318.1,303.9,325.5,62514.0,62103.0,58980.0,65973.0,5.36,7.1,4.6,4.49,4.61,4.61,4.62,4.62,4.62,4.62,4.62,1912.0,1074.0,1062.4,17.3,12.0,4.6,4.62,4.62,4.62,4.62,2.43,2.47,5.2,4.12,0.1,100.0,28,26,44,43,0.81,0.86,0.5,0.6,0.7,0.5,0.53,0.531,0.09,0.04,57.1,62.2,36.4,44.4,66.7,66.9,70.0,70.0,48.5,4.75,11.6,17.9,10.1,13.0,13.0,1.64,1.20,Hungary,HU,HUN,348,47.0,20.0,Europe,4.62,17.9,13.0
71,71,Iceland,ISL,300000,100250,28.0,31.1,48.0,0.935,0.959,83.7,4.0,3.7,20.0,20.5,19.2,19.9,31913.0,33515.0,33274.0,36753.0,4.89,3.7,7.64,7.46,7.43,7.58,7.56,7.56,7.56,7.56,7.56,4116.0,6565.9,6275.0,2.9,4.0,,7.56,7.56,7.56,7.56,4.44,5.47,3.8,5.4,,100.0,37,37,58,57,1.37,1.37,1.5,1.6,1.4,1.5,1.61,1.755,1.84,1.79,72.6,94.8,77.3,85.3,77.0,77.0,70.0,70.0,43.1,4.55,100.0,100.0,47.6,38.0,48.0,0.00,0.00,Iceland,IS,ISL,352,65.0,-18.0,Europe,7.56,100.0,48.0
72,72,India,IND,1339000000,2973193,35.2,29.2,36.4,0.64,0.633,40.0,7.3,8.95,8811.1,9140.5,8537.6,9301.5,6670.0,6972.0,6525.0,7334.0,6.45,8.95,,4.11,4.25,4.31,4.36,4.41,4.47,4.47,4.47,238.0,60.3,63.7,,145.0,,4.36,4.47,4.36,4.47,,5.37,3.5,5.98,1.8,99.0,35,33,42,33,-0.83,-0.62,0.1,0.3,-0.3,-0.1,0.0,-0.081,-0.24,-0.29,54.3,51.5,47.2,42.4,54.5,53.9,40.0,40.0,27.3,1.8,15.1,21.7,11.8,12.0,14.0,2.66,2.40,India,IN,IND,356,20.0,77.0,Asia,4.47,21.7,14.0
73,73,Indonesia,IDN,264000000,1811569,36.8,35.7,49.6,0.694,0.705,46.4,4.8,3.69,3043.9,3196.7,3130.6,3246.2,11643.0,12311.0,12072.0,12904.0,5.17,3.69,3.29,3.58,3.5,2.67,3.0,2.84,2.84,2.84,2.84,369.0,111.7,120.1,42.6,177.0,3.3,3.0,2.84,3.0,2.84,5.62,5.62,5.6,4.41,0.5,96.9,30,30,34,29,-0.51,-0.51,0.0,0.4,-0.1,0.3,-0.35,-0.225,-0.25,-0.43,45.2,43.2,42.8,39.9,64.2,64.4,60.0,60.0,17.6,2.29,11.2,17.7,19.8,20.0,21.0,0.70,0.70,Indonesia,ID,IDN,360,-5.0,120.0,Asia,2.84,17.7,21.0
74,74,Iran,IRN,81000000,1531595,44.5,24.0,43.6,0.798,0.774,48.0,0.0,1.76,1252.5,1235.7,1257.5,0.0,15677.0,15533.0,15791.0,15791.0,-2.25,1.76,2.8,2.8,3.37,3.79,3.96,3.66,3.59,3.59,3.59,1262.0,484.3,470.4,21.3,16.0,2.8,3.96,3.59,3.96,3.59,,0.14,11.3,11.46,0.2,100.0,7,4,11,10,-0.93,-1.62,-0.2,-0.9,-1.2,-1.6,-0.68,-0.947,-0.81,-1.1,35.3,29.4,32.6,19.8,50.9,42.4,10.0,10.0,17.2,7.6,5.4,9.4,5.9,6.0,6.0,2.30,2.30,"Iran, Islamic Republic of",IR,IRN,364,32.0,53.0,Asia,3.59,9.4,6.0
75,75,Iraq,IRQ,38000000,437367,,26.5,45.3,0.685,0.686,37.0,2.4,2.78,405.7,428.1,379.6,390.2,10808.0,11349.0,9954.0,10409.0,2.63,2.78,,4.49,4.71,4.71,4.71,4.71,4.71,4.71,4.71,481.0,239.4,253.3,1.5,79.0,,,,,,,,16.0,14.19,,100.0,16,16,15,13,-2.33,-2.4,-1.3,-1.3,-1.2,-1.1,-1.64,-1.732,-1.37,-1.25,11.4,11.4,23.4,23.4,,,,,42.7,4.44,3.9,2.8,25.3,25.0,29.0,2.28,3.50,Iraq,IQ,IRQ,368,33.0,44.0,Asia,,2.8,29.0
76,76,Ireland,IRL,4700000,68883,31.3,30.0,51.1,0.938,0.945,80.3,7.8,13.48,407.5,427.6,452.6,513.7,84556.0,87380.0,93350.0,106456.0,9.03,13.48,4.88,3.76,3.74,3.51,3.39,3.39,3.39,3.39,3.39,5335.0,5484.2,5428.6,11.1,5.0,,3.39,3.39,3.39,3.39,0.0,0.14,8.1,6.63,,100.0,39,39,57,58,1.02,0.86,1.3,1.5,1.6,1.6,1.43,1.53,1.55,1.65,79.0,93.0,79.0,80.7,80.4,82.0,70.0,70.0,31.9,7.25,29.7,42.4,22.2,22.0,23.0,0.26,0.30,Ireland,IE,IRL,372,53.0,-8.0,Europe,3.39,42.4,23.0
77,77,Israel,ISR,9000000,20330,42.8,28.8,48.2,0.903,0.919,66.5,2.6,8.19,354.5,367.8,359.9,389.4,39906.0,40004.0,39489.0,43722.0,3.98,8.19,5.77,5.86,5.86,6.06,6.11,6.11,6.11,6.11,6.11,2819.0,3329.2,3456.4,2.5,3.0,5.7,6.11,6.11,6.11,6.11,0.31,0.5,5.6,5.05,0.2,100.0,36,34,43,42,-0.88,-1.06,1.4,1.3,1.3,1.2,1.02,0.942,0.83,0.86,83.1,85.0,61.2,65.2,72.2,68.0,70.0,70.0,40.1,6.92,2.0,6.3,27.5,28.0,28.0,5.17,5.30,Israel,IL,ISR,376,31.5,34.75,Asia,6.11,6.3,28.0
78,78,Italy,ITA,61000000,294140,31.9,28.1,50.7,0.88,0.895,69.1,0.8,6.64,2540.5,2553.2,2322.8,2477.1,43036.0,44376.0,41988.0,45936.0,0.93,6.64,4.06,4.07,3.82,4.04,4.26,4.26,4.26,4.26,4.26,3351.0,3000.7,2905.5,11.4,2.0,4.1,4.26,4.26,4.26,4.26,3.15,3.5,11.5,9.83,1.0,100.0,36,36,53,54,0.24,0.58,0.5,0.4,0.7,0.5,0.32,0.269,0.19,0.54,60.9,78.6,40.1,57.3,62.5,65.4,50.0,50.0,50.3,5.31,40.9,44.2,31.0,36.0,36.0,1.52,1.40,Italy,IT,ITA,380,42.8333,12.8333,Europe,4.26,44.2,36.0
79,79,Jamaica,JAM,2800000,10831,35.0,36.9,57.9,0.732,0.709,49.7,1.1,4.6,28.6,28.8,25.9,27.1,9967.0,10190.0,9241.0,10026.0,1.89,4.6,6.02,5.46,5.31,5.26,5.41,5.16,5.62,6.03,6.03,511.0,319.9,327.4,12.9,80.0,6.0,5.41,6.03,5.41,6.03,26.46,33.3,13.3,9.18,,100.0,34,34,43,46,0.25,0.22,0.5,0.4,0.1,0.2,-0.16,-0.168,-0.17,-0.03,56.6,70.6,39.4,49.0,69.1,67.4,50.0,50.0,27.6,2.85,10.8,11.9,17.5,17.0,29.0,1.41,1.60,Jamaica,JM,JAM,388,18.25,-77.5,North America,6.03,11.9,29.0
80,80,Japan,JPN,127000000,364485,37.9,28.3,47.1,0.909,0.925,75.2,0.5,1.62,5293.0,5280.3,5042.3,5124.0,42116.0,42283.0,42100.0,42940.0,0.58,1.62,3.55,3.55,3.15,3.13,3.08,3.08,3.08,3.08,3.08,4405.0,4256.1,4360.5,8.9,5.0,3.6,3.08,3.08,3.08,3.08,,,3.1,2.8,,100.0,40,40,56,56,1.12,1.03,1.6,1.4,1.4,1.4,1.57,1.579,1.52,1.57,73.2,95.3,79.2,81.4,72.3,69.9,60.0,60.0,39.1,8.54,17.4,25.8,9.3,10.0,10.0,1.07,0.90,Japan,JP,JPN,392,36.0,138.0,Asia,3.08,25.8,10.0
81,81,Jordan,JOR,10000000,88802,39.7,,43.9,0.735,0.72,48.7,2.5,2.21,99.8,101.7,100.2,102.4,10253.0,10496.0,10354.0,10952.0,1.93,2.21,3.8,3.45,3.45,3.23,2.98,2.99,2.99,2.99,2.99,568.0,335.2,334.0,1.8,46.0,,2.98,2.99,2.98,2.98,19.02,20.08,13.2,19.25,,99.9,12,11,25,22,-0.53,-0.28,0.1,0.2,0.1,0.2,0.26,0.213,0.26,0.05,57.3,42.6,51.9,49.5,64.9,60.1,60.0,60.0,32.0,2.44,1.0,15.5,15.4,15.0,12.0,5.02,4.70,Jordan,JO,JOR,400,31.0,36.0,Asia,2.99,15.5,12.0
82,82,Kazakhstan,KAZ,18000000,2699700,26.3,19.1,38.6,0.8,0.811,57.7,1.2,4.0,466.9,487.9,475.7,494.7,26155.0,27464.0,26750.0,28600.0,4.1,4.0,3.42,2.79,2.98,2.75,2.62,2.86,2.86,2.86,2.86,903.0,275.9,273.0,31.2,10.0,,2.62,2.86,2.62,2.62,0.99,9.61,5.2,4.9,0.0,100.0,5,5,17,18,0.02,-0.25,0.0,0.1,0.2,0.1,-0.41,-0.487,-0.82,-0.24,58.1,34.5,44.6,37.9,69.1,64.4,50.0,50.0,22.2,11.46,9.3,11.1,27.1,27.0,27.0,0.87,1.10,Kazakhstan,KZ,KAZ,398,48.0,68.0,Asia,2.86,11.1,27.0
83,83,Kenya,KEN,50000000,569140,48.5,24.2,45.2,0.59,0.575,35.4,5.6,7.52,223.0,234.4,233.9,251.4,4443.0,4647.0,4587.0,5024.0,5.65,7.52,4.72,4.74,4.9,4.96,5.11,4.97,5.08,4.8,4.8,157.0,73.5,83.4,15.7,342.0,5.3,5.11,4.8,5.11,4.8,,,11.0,5.74,,71.4,19,19,29,29,-1.08,-1.09,-0.3,-0.3,-0.2,-0.4,-0.41,-0.39,-0.96,-0.71,44.0,39.0,27.5,30.9,54.7,52.6,50.0,50.0,27.4,0.42,88.2,88.5,21.8,22.0,22.0,1.12,1.20,Kenya,KE,KEN,404,1.0,38.0,Africa,4.8,88.5,22.0
84,84,Korea (Dem. People’s Rep.),PRK,25000000,120408,,,,,,,1.0,1.0,0.0,0.0,0.0,0.0,2198.0,2192.0,2172.0,2172.0,,,11.23,9.86,10.09,10.86,11.97,12.39,12.39,12.39,12.39,,,,2.7,89.0,,,,,,,,4.3,2.59,,52.3,0,0,3,3,-0.48,-0.45,-1.7,-1.6,-2.3,-2.3,-1.71,-1.626,-1.48,-1.61,5.0,6.5,25.2,3.8,5.8,3.0,0.0,0.0,,2.18,2.1,7.6,16.3,16.0,18.0,,,"Korea, Democratic People's Republic of",KP,PRK,408,40.0,127.0,Asia,,7.6,18.0
85,85,Korea (Rep.),KOR,51000000,96920,35.7,24.8,39.8,0.903,0.925,,2.6,4.02,2164.8,2213.4,2194.5,2282.8,,,,,2.91,4.02,,,,,,,,,,,2543.6,2624.5,7.6,11.0,5.1,4.46,4.46,4.46,4.46,0.92,0.01,3.7,3.53,,100.0,33,33,51,50,0.29,0.66,1.1,1.4,1.1,1.1,1.16,1.127,0.48,0.76,63.7,77.1,49.9,69.2,73.8,74.6,70.0,60.0,32.3,11.8,73.8,85.0,17.0,17.0,19.0,2.78,2.70,"Korea, Republic of",KR,KOR,410,37.0,127.5,Asia,4.46,85.0,19.0
86,86,Kuwait,KWT,4200000,17818,,,33.3,0.803,0.831,65.7,0.9,-8.86,211.3,210.1,191.5,0.0,52291.0,52055.0,47303.0,47303.0,2.43,2.43,4.4,4.77,5.85,6.37,6.39,6.49,6.55,6.55,6.55,2978.0,1733.8,1758.7,13.7,12.0,,6.39,6.55,6.39,6.55,,,2.4,3.71,,100.0,13,14,23,23,-0.04,0.3,-0.2,0.0,-0.1,0.2,0.1,0.261,-0.33,-0.03,53.5,42.0,36.6,43.8,62.2,58.3,60.0,60.0,51.5,22.02,,0.1,3.1,3.0,2.0,6.69,5.60,Kuwait,KW,KWT,414,29.3375,47.6581,Asia,6.55,0.1,2.0
87,87,Kyrgyzstan,KGZ,6000000,191801,33.4,33.1,53.7,0.672,0.692,45.4,3.5,3.61,32.5,33.9,31.1,32.2,5256.0,5480.0,4985.0,5288.0,3.76,3.61,5.53,5.99,6.59,6.03,5.55,5.37,5.37,5.37,5.55,287.0,65.7,62.1,22.0,60.0,5.5,5.55,5.37,5.55,5.37,0.29,0.12,7.7,9.1,0.2,100.0,12,4,25,23,-0.43,-0.43,-0.7,-0.7,-0.4,-0.6,-0.93,-1.074,-1.05,-1.12,22.1,11.8,29.4,28.8,62.8,55.8,50.0,50.0,37.3,1.56,85.8,92.4,19.2,19.0,20.0,1.67,1.50,Kyrgyzstan,KG,KGZ,417,41.0,75.0,Asia,5.37,92.4,20.0
88,88,Laos,LAO,7000000,230800,36.7,,42.8,0.601,0.607,37.8,7.0,2.53,53.6,56.5,56.8,58.3,7774.0,8220.0,8238.0,8674.0,6.25,2.53,2.94,2.94,2.94,2.52,2.37,2.3,2.23,2.23,2.23,,57.7,68.2,6.0,185.0,2.9,2.37,2.23,2.37,2.23,8.51,8.24,1.5,1.26,1.2,100.0,1,2,11,11,0.43,0.73,-0.4,-0.6,-0.7,-0.9,-0.88,-0.642,-0.94,-1.04,41.4,11.1,33.1,20.4,53.6,49.2,20.0,20.0,26.3,2.61,96.5,64.4,27.5,28.0,22.0,0.20,0.20,Lao People's Democratic Republic,LA,LAO,418,18.0,105.0,Asia,2.23,64.4,22.0
89,89,Latvia,LVA,2000000,62249,34.5,17.1,34.1,0.847,0.863,66.1,2.7,4.48,57.9,59.4,57.1,59.7,30877.0,31883.0,31425.0,34469.0,3.99,4.48,5.28,5.28,4.66,4.37,4.24,4.24,4.24,4.24,4.24,1429.0,1101.5,1166.8,,19.0,5.3,4.24,4.24,4.24,4.24,1.13,1.18,9.9,7.6,0.2,100.0,35,37,52,51,0.46,0.69,0.9,0.9,1.2,1.2,0.93,0.981,0.54,0.75,58.9,75.1,45.4,61.1,73.6,74.8,60.0,60.0,37.0,3.96,51.5,66.6,16.0,31.0,29.0,2.28,2.00,Latvia,LV,LVA,428,57.0,25.0,Europe,4.24,66.6,29.0
90,90,Lebanon,LBN,4600000,10230,,21.9,39.0,0.757,0.706,44.8,1.0,-10.52,106.7,99.4,73.6,65.9,15933.0,15105.0,11377.0,10691.0,-1.88,-10.52,2.0,2.1,2.12,2.13,2.52,2.59,2.59,2.59,2.52,1117.0,695.1,663.1,58.1,29.0,,2.52,2.59,2.52,2.52,,,6.8,14.49,,100.0,11,13,32,29,-1.59,-1.49,-0.5,-1.3,-0.3,-0.9,-0.82,-1.074,-1.0,-1.23,33.6,27.4,20.2,22.8,53.2,47.3,50.0,50.0,26.9,4.08,2.8,3.9,3.1,5.0,5.0,4.20,4.20,Lebanon,LB,LBN,422,33.8333,35.8333,Asia,2.59,3.9,5.0
91,91,Lesotho,LSO,1900000,30355,63.2,16.7,27.3,0.52,0.514,29.5,2.5,1.02,5.5,5.6,5.2,5.3,2677.0,2768.0,2569.0,2682.0,-1.22,1.02,7.2,9.0,7.76,8.16,7.29,7.99,7.67,8.7,8.7,251.0,124.7,124.2,7.7,544.0,,7.29,8.7,7.29,8.7,6.82,6.82,27.4,24.6,,47.4,27,27,37,36,-0.25,-0.22,-0.9,-0.9,-0.3,-0.7,-0.27,-0.41,-0.03,-0.32,52.7,44.1,32.9,42.8,53.9,48.1,40.0,40.0,50.4,0.36,100.0,100.0,22.9,22.0,23.0,1.29,1.50,Lesotho,LS,LSO,426,-29.5,28.5,Africa,8.7,100.0,23.0
92,92,Liberia,LBR,4400000,96320,32.0,22.2,46.0,0.435,0.481,30.6,0.0,4.0,7.4,7.3,7.0,7.3,1581.0,1532.0,1468.0,1553.0,1.16,4.0,2.2,2.17,2.15,2.66,2.5,2.27,2.31,2.69,2.69,128.0,61.2,52.6,9.5,661.0,,2.5,2.69,2.5,2.69,,,4.0,4.09,,27.5,27,27,35,33,-0.41,-0.24,-1.4,-1.4,-1.0,-1.0,-0.97,-0.926,-0.69,-0.92,42.4,23.4,32.0,25.1,50.9,47.9,20.0,20.0,36.8,0.24,,1.3,12.3,12.0,11.0,0.95,0.50,Liberia,LR,LBR,430,6.5,-9.5,Africa,2.69,1.3,11.0
93,93,Libya,LBY,6000000,1759540,,,42.7,0.706,0.718,,-6.4,31.37,166.7,148.0,112.6,147.9,25557.0,22764.0,17286.0,23357.0,7.94,31.37,,,,,,,,,,,,,22.0,72.0,,,,,,,,19.2,19.58,,69.7,1,1,8,8,-2.33,-2.37,-1.8,-1.7,-2.2,-2.0,-1.78,-1.784,-1.59,-1.57,22.1,22.1,23.1,23.1,,,,,92.9,8.38,,0.0,16.0,16.0,16.0,15.50,15.50,Libyan Arab Jamahiriya,LY,LBY,434,25.0,17.0,Africa,,0.0,16.0
94,94,Lithuania,LTU,2900000,62680,37.9,21.0,36.9,0.858,0.875,67.4,1.6,5.0,99.3,103.8,103.7,108.9,36376.0,38541.0,38881.0,42665.0,3.99,5.0,4.49,4.23,4.0,3.81,3.89,3.89,3.89,3.89,3.89,1875.0,1249.0,1370.0,2.3,8.0,4.5,4.5,4.5,3.89,3.89,0.18,0.1,9.2,7.9,0.4,100.0,38,38,53,51,0.78,0.82,1.0,1.1,1.2,1.3,0.99,1.11,2.06,0.85,66.7,74.6,50.9,66.6,75.3,75.8,70.0,70.0,34.7,4.2,48.1,71.3,21.3,21.0,28.0,2.02,2.00,Lithuania,LT,LTU,440,56.0,24.0,Europe,4.5,71.3,28.0
95,95,Luxembourg,LUX,600000,2586,30.4,13.2,31.7,0.904,0.93,83.2,4.5,6.89,69.9,72.2,71.0,75.8,116966.0,117342.0,117846.0,134754.0,2.0,6.89,3.86,3.77,3.77,3.49,3.65,3.65,3.65,3.65,3.65,6382.0,6227.1,6220.7,3.4,5.0,4.0,3.89,3.89,3.65,3.65,1.0,0.62,5.9,5.23,0.1,100.0,38,38,60,59,1.34,1.21,1.7,1.7,1.7,1.9,1.74,1.787,1.99,1.87,77.9,96.4,79.0,89.5,76.4,80.6,80.0,80.0,41.4,15.31,,,28.3,20.0,35.0,0.63,0.60,Luxembourg,LU,LUX,442,49.75,6.1667,Europe,3.89,,35.0
96,96,Macedonia,MKD,2100000,25433,33.7,23.4,43.9,,23.4,52.5,3.7,3.96,33.5,34.8,32.7,34.0,16796.0,17546.0,16720.0,17918.0,2.88,3.96,2.05,3.0,3.1,2.71,2.73,3.06,6.3,6.3,6.3,857.0,399.1,436.9,,,,3.65,3.65,,,3.0,3.53,26.7,16.2,1.2,100.0,21,28,37,39,-0.25,0.12,0.1,-0.1,0.5,0.4,-0.24,-0.076,-0.31,-0.35,57.0,50.2,47.4,38.7,71.3,65.7,60.0,60.0,31.5,4.0,32.7,28.6,34.2,34.2,34.2,1.54,1.20,"Macedonia, the former Yugoslav Republic of",MK,MKD,807,41.8333,22.0,Europe,3.65,28.6,34.2
97,97,Madagascar,MDG,26000000,581540,41.0,,44.2,0.519,0.501,31.1,3.0,4.4,41.8,43.7,40.5,42.3,1630.0,1687.0,1544.0,1635.0,3.2,4.4,2.38,2.21,2.69,2.7,2.84,2.99,3.1,3.1,3.1,77.0,22.3,19.8,5.5,335.0,,2.84,3.1,2.84,3.1,1.96,2.32,2.1,2.59,,33.7,24,27,32,34,-0.33,-0.64,-1.1,-1.0,-0.7,-0.8,-0.86,-0.867,-1.05,-0.93,21.4,33.4,17.8,23.0,56.8,58.9,50.0,50.0,15.4,0.15,59.7,41.3,19.2,19.0,18.0,0.77,0.60,Madagascar,MG,MDG,450,-20.0,47.0,Africa,3.1,41.3,18.0
98,98,Malawi,MWI,19000000,94080,46.1,22.1,38.7,0.477,0.512,32.5,3.0,2.75,27.2,28.6,28.9,29.7,1532.0,1602.0,1591.0,1658.0,4.39,2.75,4.84,5.61,4.75,4.03,3.32,3.71,2.91,2.91,2.91,108.0,37.4,30.4,7.4,349.0,4.8,3.32,2.91,3.32,3.71,,,6.7,7.02,29.3,14.9,26,29,37,37,-0.27,-0.11,-0.7,-0.8,-0.8,-0.8,-0.37,-0.238,-0.65,-0.3,47.1,53.0,28.9,29.4,52.0,53.0,50.0,50.0,31.3,0.08,99.1,88.8,16.7,17.0,23.0,0.95,0.90,Malawi,MW,MWI,454,-13.5,34.0,Africa,2.91,88.8,23.0
99,99,Malaysia,MYS,32000000,328657,46.2,30.3,41.7,0.802,0.803,59.8,5.0,3.13,869.5,908.1,856.8,883.6,28236.0,29621.0,27921.0,29617.0,4.84,3.13,5.21,4.89,4.75,4.68,4.48,4.16,3.92,3.92,3.92,1064.0,426.5,436.6,5.3,29.0,5.2,4.48,3.92,4.48,3.92,0.26,1.6,3.3,4.61,,100.0,18,20,27,30,0.16,0.14,0.8,1.0,0.7,0.7,0.41,0.558,0.03,0.17,65.2,57.6,54.8,53.9,74.5,68.1,50.0,50.0,24.9,7.93,10.4,17.9,10.4,14.0,15.0,1.06,1.00,Malaysia,MY,MYS,458,2.5,112.5,Asia,3.92,17.9,15.0
100,100,Maldives,MDV,400000,298,38.4,,,0.717,0.747,,1.9,30.96,9.7,10.4,6.9,9.0,19243.0,20334.0,13442.0,18232.0,8.12,30.96,3.09,3.89,3.69,3.89,3.91,4.12,4.12,4.12,4.12,1514.0,786.4,854.4,17.8,53.0,3.5,3.91,4.12,3.91,4.12,3.42,2.0,3.2,6.08,,100.0,14,19,21,21,0.26,0.5,-0.5,0.4,-0.4,-0.5,-0.62,-0.172,-0.79,-0.37,38.8,32.1,36.6,43.1,51.1,47.3,30.0,30.0,42.6,3.97,,0.4,5.9,6.0,5.0,,,Maldives,MV,MDV,462,3.25,73.0,Asia,4.12,0.4,5.0
101,101,Mali,MLI,19000000,1220190,40.1,,39.3,0.427,0.428,29.7,6.1,3.07,43.6,45.6,45.1,46.5,2338.0,2420.0,2348.0,2447.0,4.75,3.07,3.65,3.8,3.09,3.79,3.91,3.48,3.76,3.76,3.76,118.0,33.4,34.3,5.6,562.0,3.6,3.91,3.76,3.91,3.76,40.99,40.99,8.1,7.72,3.0,50.6,17,8,27,24,-1.91,-2.35,-0.9,-1.2,-0.6,-0.6,-0.78,-0.902,-0.63,-0.87,32.4,34.1,31.4,28.3,57.6,55.9,40.0,40.0,22.2,0.3,54.0,31.5,8.8,9.0,27.0,2.82,2.70,Mali,ML,MLI,466,17.0,-4.0,Africa,3.76,31.5,27.0
102,102,Malta,MLT,400000,316,28.1,29.0,43.5,0.878,0.918,68.8,6.3,9.41,21.6,22.9,21.0,22.9,45569.0,47408.0,43243.0,47714.0,6.03,9.41,7.0,5.02,5.08,4.65,4.65,4.65,4.65,4.65,4.65,3471.0,2753.5,2531.9,35.0,6.0,7.2,7.2,7.2,,,,,5.3,3.5,0.1,100.0,36,35,56,54,1.27,0.97,1.0,0.9,1.3,0.8,1.14,0.864,0.74,0.32,62.8,89.9,49.9,55.8,68.5,71.5,60.0,50.0,40.4,3.29,7.9,11.5,11.9,12.0,13.0,0.51,0.60,Malta,MT,MLT,470,35.8333,14.5833,Europe,7.2,11.5,13.0
103,103,Mauritania,MRT,3800000,1030700,37.0,18.0,34.7,0.52,0.556,28.9,1.9,2.3,22.9,24.2,23.8,24.3,5317.0,5570.0,5390.0,5592.0,4.53,2.3,,,1.94,1.94,1.94,1.82,1.88,1.88,1.88,177.0,57.3,57.9,14.8,766.0,,15.2,15.75,15.2,15.75,19.69,23.14,11.7,11.46,,47.3,9,14,21,21,-0.62,-0.67,-0.7,-0.7,-0.8,-1.1,-0.6,-0.671,-0.75,-0.82,17.6,29.9,28.9,23.5,54.0,55.3,40.0,40.0,30.1,0.87,,,25.2,20.0,20.0,2.38,2.80,Mauritania,MR,MRT,478,20.0,-12.0,Africa,15.75,,20.0
104,104,Mauritius,MUS,1300000,2030,35.9,27.4,51.5,0.79,0.802,60.2,3.4,4.04,28.1,28.9,24.6,25.6,22739.0,23835.0,20529.0,22240.0,3.76,4.04,4.92,4.89,5.01,5.02,4.83,4.72,4.61,4.61,4.61,1099.0,656.6,685.9,29.0,61.0,4.9,4.9,1.88,,1.88,1.3,0.33,7.8,7.41,,99.7,37,36,52,50,0.99,0.86,0.9,0.8,1.0,1.2,0.68,0.873,0.2,0.47,69.6,81.7,52.1,56.5,75.1,70.9,70.0,70.0,25.4,3.29,23.8,24.6,11.6,12.0,20.0,0.17,0.20,Mauritius,MU,MUS,480,-20.2833,57.55,Africa,1.88,24.6,20.0
105,105,Mexico,MEX,129000000,1943945,48.2,40.7,54.3,0.774,0.758,49.1,2.5,4.8,2514.8,2510.1,2305.1,2415.7,20096.0,19863.0,18671.0,20036.0,2.19,4.8,5.26,5.23,4.91,4.52,4.25,4.25,4.25,4.25,4.25,1009.0,521.0,540.4,25.5,33.0,5.3,4.83,4.61,4.25,4.25,0.7,0.79,4.0,4.38,1.0,99.4,26,27,36,33,-0.65,-0.64,0.0,-0.3,0.2,-0.2,-0.57,-0.8,-0.93,-1.0,39.0,40.7,26.9,32.0,64.8,63.7,60.0,60.0,27.0,3.52,16.0,21.9,42.6,48.0,50.0,0.68,0.50,Mexico,MX,MEX,484,23.0,-102.0,North America,4.61,21.9,50.0
106,106,Moldova,MDA,3600000,32891,26.8,,51.0,0.7,0.767,48.7,-1.1,13.94,33.5,34.7,32.2,36.6,12659.0,13576.0,12942.0,15637.0,4.3,13.94,6.27,5.81,5.61,5.62,5.44,6.1,6.39,6.39,6.39,515.0,276.5,284.3,36.3,19.0,7.5,5.44,6.39,5.44,6.39,0.65,0.79,5.0,3.96,,100.0,26,27,35,35,-0.24,-0.21,-0.5,-0.4,0.0,0.0,-0.41,-0.332,-0.8,-0.45,26.3,30.7,26.6,34.7,58.4,61.3,50.0,50.0,38.0,3.32,5.6,4.9,22.8,23.0,40.0,0.41,0.40,"Moldova, Republic of",MD,MDA,498,47.0,29.0,Europe,6.39,4.9,40.0
107,107,Mongolia,MNG,3000000,1553556,34.0,14.3,24.5,0.741,0.739,50.6,2.3,1.42,38.1,40.3,38.4,39.0,12316.0,13013.0,12366.0,12863.0,7.74,1.42,4.71,4.22,5.18,4.07,6.17,4.94,4.94,4.94,4.94,470.0,159.4,163.4,,,4.7,6.17,4.94,6.17,4.94,,,6.7,7.08,0.1,98.1,36,36,49,48,0.82,0.65,-0.3,-0.5,-0.1,-0.2,-0.3,-0.225,-0.45,-0.53,30.9,57.1,34.8,37.0,55.7,63.9,60.0,50.0,37.8,,3.3,9.9,17.1,17.0,17.0,0.66,0.70,Mongolia,MN,MNG,496,46.0,105.0,Asia,4.94,9.9,17.0
108,108,Montenegro,MNE,600000,13452,31.9,25.1,41.3,0.814,0.832,,4.1,12.43,12.9,13.4,11.3,12.8,21513.0,23073.0,19990.0,22795.0,5.08,12.43,,,,,,,,,,957.0,731.5,735.2,13.2,45.0,,,,,,0.72,0.62,17.5,18.49,1.0,100.0,25,26,42,41,0.01,-0.15,0.2,0.0,0.3,0.4,0.01,-0.059,-0.09,-0.02,51.3,43.0,38.1,46.4,64.3,57.8,50.0,50.0,46.3,7.15,50.9,59.5,23.5,23.0,25.0,1.74,1.60,Montenegro,ME,MNE,499,42.0,19.0,Europe,,59.5,25.0
109,109,Morocco,MAR,36000000,446300,40.9,32.7,50.9,0.667,0.683,45.8,4.5,7.37,272.5,279.6,262.0,281.4,7625.0,7865.0,7369.0,8144.0,3.15,7.37,,4.65,4.65,5.12,5.35,5.93,6.75,6.75,6.75,435.0,174.8,174.2,2.5,70.0,,5.35,6.75,5.35,6.75,0.21,0.45,10.0,11.47,,100.0,14,13,25,24,-0.41,-0.4,-0.2,-0.1,-0.2,-0.1,-0.17,-0.253,-0.13,-0.43,44.3,32.7,41.3,41.0,61.9,59.2,70.0,70.0,31.4,1.96,15.7,18.2,20.5,21.0,23.0,4.18,3.10,Morocco,MA,MAR,504,32.0,-5.0,Africa,6.75,18.2,23.0
110,110,Mozambique,MOZ,30000000,786380,45.6,23.7,44.2,0.437,0.446,26.7,6.3,2.22,38.0,38.9,38.4,39.3,1321.0,1336.0,1297.0,1342.0,3.44,2.22,6.88,6.01,5.87,5.51,5.45,6.08,6.26,6.26,6.26,64.0,40.7,39.5,49.0,289.0,,5.45,6.26,5.45,6.26,6.07,0.87,24.4,3.98,,30.6,20,14,32,29,-0.98,-1.23,-0.9,-0.8,-0.7,-0.8,-1.01,-1.035,-0.86,-0.81,36.3,44.1,28.2,26.3,46.3,51.3,50.0,50.0,36.2,0.25,87.0,79.5,39.6,40.0,42.0,1.51,0.90,Mozambique,MZ,MOZ,508,-18.25,35.0,Africa,6.26,79.5,42.0
111,111,Myanmar,MMR,53000000,676575,,24.7,40.0,0.578,0.585,37.0,7.0,-17.98,240.0,256.2,264.3,216.8,4575.0,4940.0,5123.0,4345.0,6.4,-17.98,1.9,2.1,1.9,2.33,2.16,2.14,2.14,2.14,2.16,267.0,59.2,60.0,19.1,250.0,,2.16,2.14,2.16,2.14,1.95,1.95,0.8,2.17,,70.4,13,0,18,9,-1.08,-2.07,-1.1,-1.4,-0.8,-1.1,-0.95,-1.456,-0.56,-1.03,17.6,16.7,28.2,29.8,53.9,49.6,20.0,20.0,22.6,0.68,60.1,48.3,10.2,10.0,15.0,3.33,,Myanmar,MM,MMR,104,22.0,98.0,Asia,2.14,48.3,15.0
112,112,Nepal,NPL,29000000,143351,32.8,30.5,53.1,0.574,0.602,41.7,3.4,4.25,106.0,113.1,110.4,115.1,13960.0,14097.0,14337.0,15103.0,7.62,4.25,3.47,3.26,3.9,4.77,4.43,4.24,4.39,4.39,4.39,151.0,51.1,53.2,23.8,186.0,4.0,4.43,4.39,4.43,4.39,,4.35,3.2,5.05,,89.9,25,25,30,32,-0.66,-0.24,-0.9,-0.9,-0.7,-0.6,-0.68,-0.467,-0.75,-0.53,36.2,34.1,24.6,33.8,54.1,49.7,30.0,30.0,20.3,0.47,100.0,100.0,29.6,33.0,33.0,1.34,1.60,Nepal,NP,NPL,524,28.0,84.0,Asia,4.39,100.0,33.0
113,113,Netherlands,NLD,17000000,33893,30.3,35.3,54.9,0.931,0.941,80.3,1.9,5.04,966.0,984.9,947.5,995.2,57827.0,59004.0,59267.0,63767.0,2.36,5.04,5.46,5.35,5.48,5.18,5.36,5.36,5.36,5.36,5.36,5313.0,5337.0,5335.3,1.8,5.0,5.5,5.36,5.36,5.36,5.36,,,6.2,4.01,,100.0,40,39,59,58,0.92,0.92,1.9,1.8,2.1,1.8,1.83,1.739,1.87,2.04,74.1,96.9,86.0,92.3,76.2,79.5,80.0,80.0,45.0,8.44,14.7,29.1,36.0,36.0,39.0,1.42,1.30,Netherlands,NL,NLD,528,52.5,5.75,Europe,5.36,29.1,39.0
114,114,New Zealand,NZL,4700000,264537,36.2,31.3,57.4,0.917,0.937,78.6,3.4,4.65,210.0,214.7,212.0,221.8,42521.0,45555.0,44658.0,46420.0,3.36,4.65,6.34,6.33,6.41,6.26,6.05,6.05,6.05,6.05,6.05,3530.0,4037.5,4211.0,5.7,9.0,6.4,6.05,6.05,6.05,6.05,0.38,0.41,5.2,4.12,,100.0,40,40,58,59,1.59,1.44,1.8,1.4,2.1,1.8,1.92,1.818,2.24,2.2,88.4,95.9,95.7,97.5,84.2,80.6,80.0,80.0,41.0,6.83,80.8,81.0,34.2,38.0,49.0,1.37,1.50,New Zealand,NZ,NZL,554,-41.0,174.0,Oceania,6.05,81.0,49.0
115,115,Nicaragua,NIC,6000000,119990,47.1,38.7,55.2,0.658,0.667,43.5,4.5,10.34,37.0,35.6,35.0,38.6,5867.0,5676.0,5574.0,6332.0,-3.36,10.34,4.08,4.08,4.08,4.36,4.47,4.6,4.63,4.63,4.63,406.0,173.5,160.8,3.6,98.0,,4.47,4.63,4.47,4.63,,,5.9,5.96,,88.9,12,5,32,18,-0.05,-0.47,-0.6,-0.9,-0.7,-0.8,-0.64,-1.356,-0.87,-1.24,19.0,19.5,24.2,19.0,58.9,54.8,50.0,50.0,25.8,0.8,51.6,60.0,45.7,46.0,51.0,0.60,0.70,Nicaragua,NI,NIC,558,13.0,-85.0,North America,4.63,60.0,51.0
116,116,Niger,NER,21000000,1266700,34.0,16.8,41.4,0.354,0.4,,4.0,1.35,26.9,28.5,29.6,30.0,1229.0,1276.0,1288.0,1310.0,7.21,1.35,5.1,4.49,2.96,2.58,3.46,3.53,3.84,3.84,3.84,68.0,30.3,31.4,72.2,509.0,6.7,3.46,3.84,3.46,3.84,41.3,41.03,2.6,0.75,15.6,19.3,20,23,29,28,-1.3,-1.62,-0.7,-0.6,-0.7,-0.7,-0.68,-0.405,-0.65,-0.55,32.6,35.9,30.4,32.5,49.5,54.9,40.0,40.0,30.1,0.09,0.8,4.1,17.0,17.0,26.0,1.84,1.80,Niger,NE,NER,562,16.0,8.0,Africa,3.84,4.1,26.0
117,117,Nigeria,NGA,191000000,910768,48.8,22.2,34.1,0.532,0.535,26.5,2.7,3.65,1009.7,1032.0,1013.5,1050.5,5278.0,5352.0,5186.0,5459.0,1.92,3.65,,,,,,,,,,215.0,66.5,71.5,13.8,917.0,,,,,,,,5.0,9.79,9.0,55.4,25,20,25,23,-1.94,-1.78,-1.0,-1.0,-0.9,-0.9,-0.87,-0.856,-1.07,-1.07,39.6,33.8,14.4,22.7,58.5,54.4,40.0,40.0,11.0,0.57,19.0,21.0,5.6,6.0,4.0,0.97,0.50,Nigeria,NG,NGA,566,10.0,8.0,Africa,,21.0,4.0
118,118,Norway,NOR,5000000,304282,26.8,36.8,50.9,0.953,0.961,85.3,1.6,3.92,341.8,344.3,341.9,355.3,69808.0,66799.0,62645.0,79201.0,1.12,3.92,7.7,7.57,8.03,7.91,7.64,7.64,7.64,7.64,7.64,6222.0,8271.9,8007.4,23.6,2.0,7.7,7.64,7.64,7.64,7.64,0.0,0.01,4.8,4.99,0.2,100.0,40,40,60,60,1.15,1.1,2.0,1.8,1.8,1.6,2.02,1.95,2.24,2.14,86.0,97.3,93.6,96.0,74.3,76.9,60.0,60.0,48.6,6.72,98.5,99.0,39.6,41.0,45.0,1.84,1.70,Norway,NO,NOR,578,62.0,10.0,Europe,7.64,99.0,45.0
119,119,Oman,OMN,4000000,309500,,21.1,21.1,0.821,0.816,62.1,4.1,-3.2,157.4,155.6,150.7,0.0,33373.0,32604.0,31118.0,31118.0,1.29,-3.2,,,,5.84,5.21,5.41,5.41,5.41,5.41,1636.0,678.0,624.7,35.3,19.0,,5.21,5.41,5.21,5.41,3.24,1.63,17.5,3.12,,100.0,6,6,17,18,0.74,0.51,0.2,-0.1,0.4,0.3,0.43,0.406,0.25,0.09,57.4,27.1,51.5,53.3,61.0,56.6,60.0,60.0,50.0,15.28,,0.0,1.2,1.0,2.0,7.34,8.80,Oman,OM,OMN,512,21.0,57.0,Asia,5.41,0.0,2.0
120,120,Pakistan,PAK,197000000,770875,30.7,31.5,45.1,0.562,0.544,27.9,4.2,6.03,1123.6,1151.6,1136.3,1204.9,5421.0,5542.0,5426.0,5878.0,6.15,6.03,2.47,2.65,3.0,2.9,2.9,2.51,2.51,2.51,2.51,134.0,42.9,39.5,12.3,140.0,2.5,2.5,2.51,,2.51,,,5.9,4.35,0.6,75.4,19,15,24,22,-2.4,-1.67,-0.6,-0.4,-0.6,-0.7,-0.72,-0.637,-0.78,-0.79,34.0,28.5,27.3,27.4,54.4,48.8,40.0,40.0,19.8,0.88,33.0,33.8,20.6,20.0,20.0,3.83,4.00,Pakistan,PK,PAK,586,30.0,70.0,Asia,2.51,33.8,20.0
121,121,Panama,PAN,4000000,74340,50.7,39.5,57.9,0.789,0.805,54.5,5.8,15.34,129.6,133.5,109.6,126.4,31781.0,32767.0,26780.0,31680.0,3.69,15.34,,2.84,2.85,2.88,2.88,3.13,3.91,3.91,3.91,1543.0,1131.7,1192.8,10.0,52.0,,2.88,3.91,2.88,3.91,,10.51,5.8,12.09,0.4,96.7,35,35,48,48,0.39,0.29,0.0,0.2,0.4,0.2,0.04,-0.247,-0.54,-0.57,29.4,50.7,38.8,38.0,67.0,65.4,70.0,70.0,23.1,3.14,66.5,66.5,18.3,18.0,23.0,0.00,0.00,Panama,PA,PAN,591,9.0,-80.0,North America,3.91,66.5,23.0
122,122,Papua New Guinea,PNG,8000000,452860,50.9,,,0.544,0.558,,9.0,1.5,36.1,37.7,36.4,36.9,4290.0,4474.0,4286.0,4445.0,-0.28,1.5,,,,1.96,1.87,1.87,1.87,1.87,1.87,99.0,63.5,65.1,3.7,145.0,,1.87,1.87,1.87,1.87,,,2.5,2.75,,60.4,25,23,38,39,-0.58,-0.58,-0.7,-0.9,-0.7,-0.8,-0.82,-0.74,-0.9,-0.76,55.1,44.2,33.1,26.2,55.7,54.6,30.0,30.0,24.5,0.86,23.8,20.8,0.0,0.0,0.0,0.38,0.40,Papua New Guinea,PG,PNG,598,-6.0,147.0,Oceania,1.87,20.8,0.0
123,123,Paraguay,PRY,7000000,397302,51.7,23.3,47.6,0.702,0.717,46.2,3.0,4.2,89.2,88.9,88.1,91.8,13134.0,13148.0,13035.0,13976.0,3.2,4.2,4.79,3.34,3.34,3.09,3.28,3.47,3.3,3.3,3.3,724.0,390.0,388.4,14.2,129.0,,3.28,3.3,3.28,3.3,,,5.4,7.21,0.2,100.0,27,28,37,37,0.12,0.0,-0.8,-0.6,-0.2,-0.2,-0.65,-0.557,-0.72,-1.01,28.2,37.9,28.3,29.5,62.1,62.9,60.0,60.0,24.4,1.17,100.0,100.0,13.8,15.0,16.0,0.97,1.00,Paraguay,PY,PRY,600,-23.0,-58.0,South America,3.3,100.0,16.0
124,124,Peru,PER,32000000,1279996,45.3,34.6,55.9,0.75,0.762,49.3,3.3,13.35,408.9,418.0,372.2,421.9,13087.0,13401.0,11908.0,13895.0,3.97,13.35,3.7,3.97,3.81,3.93,3.71,3.82,4.25,4.25,4.25,671.0,365.9,370.1,20.9,88.0,3.7,3.71,4.25,3.71,4.25,1.42,1.42,4.9,4.83,1.8,99.3,31,30,42,42,-0.26,-0.41,-0.1,-0.3,0.4,0.1,-0.5,-0.516,-0.5,-0.63,33.5,49.7,36.6,39.7,68.7,66.5,60.0,60.0,21.9,1.75,54.0,61.6,27.7,28.0,40.0,1.12,1.20,Peru,PE,PER,604,-10.0,-76.0,South America,4.25,61.6,40.0
125,125,Philippines,PHL,105000000,298170,44.4,35.0,57.1,0.699,0.699,44.5,5.8,5.7,908.3,963.8,872.1,921.8,8720.0,9291.0,8394.0,9120.0,6.34,5.7,2.79,3.33,3.57,4.4,3.13,3.23,3.88,3.88,3.88,323.0,128.6,142.1,15.7,121.0,,3.13,3.88,3.13,3.88,3.8,3.56,5.9,2.41,0.5,96.8,27,25,35,30,-1.24,-0.93,-0.1,0.1,0.0,0.1,-0.41,-0.642,-0.48,-0.51,38.2,25.6,34.4,34.7,65.0,61.1,60.0,60.0,18.9,1.35,26.5,21.8,29.5,29.0,28.0,1.04,1.00,Philippines,PH,PHL,608,13.0,122.0,Asia,3.88,21.8,28.0
126,126,Poland,POL,38000000,304255,30.8,27.5,45.0,0.865,0.876,67.7,3.6,5.73,1202.8,1259.9,1227.9,1298.3,31953.0,33798.0,34287.0,37503.0,5.35,5.73,4.94,4.81,4.63,4.56,4.62,4.62,4.62,4.62,4.62,1704.0,978.7,1014.0,52.4,2.0,4.9,4.62,4.62,4.62,4.62,2.16,1.14,6.2,3.37,0.1,100.0,36,34,49,47,0.52,0.51,0.6,0.3,0.9,0.8,0.47,0.445,0.73,0.57,56.6,54.7,50.9,60.6,68.5,68.7,70.0,70.0,41.7,7.77,14.6,20.4,28.0,28.0,28.0,2.12,2.00,Poland,PL,POL,616,52.0,20.0,Europe,4.62,20.4,28.0
127,127,Portugal,PRT,10000000,91470,33.9,24.8,46.3,0.847,0.866,70.8,1.5,4.88,350.1,359.5,329.1,345.2,34929.0,36172.0,34177.0,35888.0,2.85,4.88,5.12,4.89,4.89,5.02,4.68,4.68,4.68,4.68,4.68,2661.0,2216.3,2221.4,16.2,8.0,5.1,4.68,4.68,4.68,4.68,0.42,0.36,11.2,6.65,0.2,100.0,39,39,58,56,1.08,0.95,1.3,1.0,0.9,0.7,1.13,1.133,0.87,0.77,70.1,92.1,56.8,67.8,63.4,70.8,60.0,60.0,48.4,4.34,49.8,61.6,34.8,35.0,40.0,2.07,1.90,Portugal,PT,PRT,620,39.5,-8.0,Europe,4.68,61.6,40.0
128,128,Qatar,QAT,2600000,11586,,,24.3,0.856,0.855,70.8,3.3,1.52,253.0,255.0,245.7,249.5,93143.0,93844.0,89961.0,93521.0,1.23,1.52,3.61,3.61,3.61,2.97,2.97,2.8,3.23,3.23,3.23,3900.0,1730.2,1807.2,5.6,9.0,3.6,3.6,3.23,,3.23,1.34,1.92,0.2,0.26,,100.0,7,7,17,18,0.55,0.96,0.7,1.1,0.4,0.9,0.72,0.928,0.73,0.81,59.8,38.8,71.6,60.0,72.6,67.7,60.0,60.0,36.4,32.47,,0.0,0.0,10.0,4.0,4.81,1.50,Qatar,QA,QAT,634,25.5,51.25,Asia,3.23,0.0,4.0
129,129,Romania,ROU,20000000,229891,27.3,28.8,46.2,0.811,0.821,60.0,3.7,5.88,555.5,578.7,557.0,589.8,29342.0,31867.0,32202.0,35414.0,4.47,5.88,3.12,3.11,2.98,3.1,3.34,3.34,3.34,3.34,3.34,1090.0,687.2,738.6,4.4,19.0,3.1,3.34,3.34,3.34,3.34,12.5,12.68,6.4,5.17,0.8,100.0,35,35,49,48,0.06,0.53,-0.2,-0.1,0.5,0.3,0.39,0.408,-0.03,-0.04,59.7,64.8,40.0,45.4,69.4,67.1,50.0,50.0,33.2,3.82,41.3,47.7,20.7,21.0,19.0,1.95,2.00,Romania,RO,ROU,642,46.0,25.0,Europe,3.34,47.7,19.0
130,130,Russia,RUS,144000000,16377742,41.2,18.7,34.9,0.816,0.822,57.0,-3.7,4.82,3914.0,4000.0,3892.7,4080.3,28821.0,30068.0,29916.0,32803.0,2.81,4.82,4.01,3.83,3.76,4.69,4.68,4.68,4.68,4.68,4.68,1414.0,609.0,653.4,30.3,17.0,,4.68,4.68,4.68,4.68,0.16,0.07,5.7,5.01,0.0,100.0,5,5,15,14,-0.67,-0.65,-0.1,-0.2,-0.5,-0.5,-0.79,-0.87,-0.89,-0.9,46.9,34.7,38.1,29.7,58.2,56.1,30.0,30.0,35.3,11.8,16.9,19.7,15.8,16.0,16.0,4.08,3.90,Russian Federation,RU,RUS,643,60.0,100.0,Europe,4.68,19.7,16.0
131,131,Rwanda,RWA,12000000,24668,50.4,19.6,39.2,0.524,0.534,38.0,6.9,10.88,25.7,28.1,27.2,30.1,2139.0,2322.0,2214.0,2494.0,8.58,10.88,4.2,3.65,3.44,3.13,3.07,3.24,3.33,3.82,3.82,143.0,52.3,51.4,31.8,248.0,,3.07,3.82,3.07,3.82,4.32,6.34,2.5,1.61,,100.0,8,8,15,14,0.04,0.17,0.3,0.3,0.2,0.1,0.13,0.201,0.63,0.6,79.6,26.6,61.2,54.7,69.1,57.1,40.0,40.0,27.2,0.11,50.0,48.0,61.3,61.0,61.0,1.55,1.20,Rwanda,RW,RWA,646,-2.0,30.0,Africa,3.82,48.0,61.0
132,132,Saudi Arabia,SAU,33000000,2149690,45.9,,41.6,0.853,0.875,62.6,3.4,3.24,1605.3,1610.6,1544.0,1594.0,48768.0,48984.0,46778.0,49551.0,2.51,3.24,,,8.51,8.02,7.09,6.79,7.81,7.81,7.81,3121.0,1341.5,1316.3,39.9,17.0,,7.09,7.81,7.09,7.81,,5.18,5.5,7.36,,100.0,0,1,7,6,-0.62,-0.58,0.3,0.5,0.0,0.3,0.1,0.23,0.36,0.31,60.2,35.8,49.9,50.7,59.6,55.5,50.0,50.0,40.0,15.28,0.0,0.1,19.9,20.0,20.0,6.59,8.00,Saudi Arabia,SA,SAU,682,25.0,45.0,Asia,7.81,0.1,20.0
133,133,Senegal,SEN,16000000,192530,40.3,21.9,51.2,0.505,0.511,38.4,6.5,6.06,52.5,54.9,55.6,59.0,3389.0,3510.0,3504.0,3769.0,6.21,6.06,5.72,5.46,5.11,4.62,4.86,5.35,5.5,5.5,5.5,97.0,61.8,59.1,1.8,315.0,7.4,4.86,5.5,4.86,5.5,,24.64,9.5,3.72,1.8,70.4,31,29,44,39,-0.04,-0.17,-0.3,0.1,-0.2,-0.3,-0.15,-0.364,-0.09,0.06,40.4,49.8,42.6,47.8,55.7,60.0,40.0,40.0,30.2,0.65,11.1,14.3,41.8,42.0,43.0,1.76,1.50,Senegal,SN,SEN,686,14.0,-14.0,Africa,5.5,14.3,43.0
134,134,Serbia,SRB,7000000,77474,38.7,29.0,53.2,0.787,0.802,54.9,0.7,7.39,121.9,127.1,125.9,135.3,17718.0,18822.0,19094.0,21432.0,4.5,7.39,3.93,3.79,3.63,3.71,3.58,3.62,3.62,3.62,3.58,1324.0,617.1,641.0,50.3,12.0,4.2,3.58,3.62,3.58,3.62,1.43,2.89,16.5,11.81,1.2,100.0,28,21,45,41,0.1,-0.13,0.2,0.0,0.0,0.1,-0.19,-0.092,-0.37,-0.44,48.2,50.4,36.5,37.9,62.5,65.2,50.0,50.0,44.5,6.62,28.3,31.1,34.4,34.0,39.0,2.09,2.20,Serbia,RS,SRB,688,44.0,21.0,Europe,3.62,31.1,39.0
135,135,Sierra Leone,SLE,8000000,71620,34.0,15.3,29.0,0.419,0.477,32.9,-21.5,3.05,12.7,13.3,13.1,13.5,1694.0,1777.0,1727.0,1816.0,3.46,3.05,2.66,3.06,3.06,4.66,6.99,7.45,8.81,8.81,8.81,256.0,44.3,46.2,11.1,1120.0,2.7,6.99,8.81,6.99,8.81,,,3.0,5.33,6.0,26.2,28,28,38,37,0.03,-0.16,-1.2,-1.1,-0.9,-1.0,-0.79,-0.8186520338,-0.59,-0.43,29.6,41.9,22.0,32.4,51.8,52.0,20.0,20.0,18.4,0.12,62.9,91.4,12.4,12.0,12.0,0.61,0.70,Sierra Leone,SL,SLE,694,8.5,-11.5,Africa,8.81,91.4,12.0
136,136,Singapore,SGP,6000000,709,45.9,,45.5,0.932,0.939,81.8,2.0,7.61,554.5,560.6,537.3,578.3,100686.0,102431.0,99681.0,116486.0,3.66,7.61,2.92,2.86,2.87,2.77,2.86,2.74,2.51,2.51,2.51,3681.0,2667.7,2632.7,16.6,8.0,,2.86,2.51,2.86,2.51,0.2,0.1,1.8,3.62,,100.0,19,19,33,28,1.59,1.49,2.2,2.3,2.1,2.2,1.82,1.858,2.13,2.17,90.9,58.3,91.2,92.8,88.8,84.4,80.0,80.0,17.7,8.31,3.3,3.5,23.0,23.0,30.0,2.98,3.20,Singapore,SG,SGP,702,1.3667,103.8,Asia,2.51,3.5,30.0
137,137,Slovakia,SVK,5000000,48105,23.7,28.2,46.6,0.855,0.848,67.4,3.6,3.02,169.7,174.1,166.5,171.6,31215.0,31967.0,31356.0,33010.0,3.79,3.02,4.23,4.59,3.91,3.94,3.97,3.97,3.97,3.97,3.97,2062.0,1299.9,1342.1,1.8,5.0,4.2,3.97,3.97,3.97,3.97,4.43,3.29,10.0,6.74,0.1,100.0,36,37,53,53,0.88,0.56,0.8,0.5,0.8,0.9,0.57,0.706,0.22,0.24,38.8,71.9,38.2,53.7,65.3,69.7,70.0,70.0,43.1,5.7,23.7,25.0,20.0,20.0,23.0,1.71,1.80,Slovakia,SK,SVK,703,48.6667,19.5,Europe,3.97,25.0,23.0
138,138,Slovenia,SVN,2100000,20151,24.4,24.6,47.9,0.896,0.918,72.6,2.9,8.11,78.8,81.3,77.9,84.2,38962.0,40671.0,39725.0,43625.0,4.42,8.11,5.29,4.91,4.79,4.78,4.94,4.94,4.94,4.94,4.94,2734.0,2169.6,2219.1,2.1,7.0,5.3,4.94,4.94,4.94,4.94,0.23,0.11,8.7,4.42,0.0,100.0,39,38,54,52,0.89,0.76,1.2,1.2,0.6,0.8,1.02,1.03,0.81,0.72,57.7,91.6,52.1,66.7,64.8,70.5,50.0,50.0,47.9,6.51,30.5,36.2,36.7,24.0,27.0,1.22,1.10,Slovenia,SI,SVN,705,46.0,15.0,Europe,4.94,36.2,27.0
139,139,Solomon Islands,SLB,600000,27986,,,,0.546,0.564,,3.3,-0.18,833.9,850.9,801.9,832.1,2762.0,2773.0,2618.0,2656.0,3.94,-0.18,9.81,10.13,12.0,12.11,10.81,11.13,12.75,12.75,12.75,173.0,96.4,111.9,80.1,104.0,,10.81,12.75,10.81,12.75,4.38,6.65,31.4,1.03,,73.3,28,30,44,49,0.21,0.49,-1.0,-0.9,-0.8,-0.9,-0.21,-0.352,0.11,-0.14,57.3,59.5,36.8,42.3,57.5,56.5,30.0,30.0,46.3,0.54,,5.3,2.0,2.0,8.0,,,Solomon Islands,SB,SLB,90,-8.0,159.0,Oceania,12.75,5.3,8.0
140,140,Somalia,SOM,15000000,627337,,,,,,,3.7,3.33,1.8,1.8,1.7,1.7,1157.0,1237.0,1246.0,1302.0,7.68,3.33,,,,,,,,,,,,,4.9,829.0,,,,,,,,6.6,19.86,,49.7,1,1,6,6,-2.33,-2.68,-2.2,-2.1,-2.3,-1.8,-2.31,-2.273,-1.72,-1.78,25.4,25.4,17.8,17.8,,,,,,0.04,1.4,5.0,24.4,24.0,24.0,,,Somalia,SO,SOM,706,10.0,49.0,Africa,,5.0,24.0
141,141,South Africa,ZAF,57000000,1214470,62.5,15.9,36.2,0.699,0.713,38.5,1.3,4.91,17.0,18.3,18.8,19.4,14207.0,14289.0,13359.0,14420.0,1.49,4.91,5.49,5.48,5.44,5.6,5.64,5.92,6.19,6.19,6.19,1086.0,564.5,546.7,41.7,119.0,6.0,5.64,6.19,5.64,6.19,11.01,10.79,25.9,33.56,,84.4,32,33,46,46,-0.27,-0.71,0.3,0.0,0.2,-0.1,-0.01,0.131,-0.01,0.02,65.9,61.3,45.4,48.4,63.0,56.2,50.0,50.0,32.6,7.51,2.4,7.0,42.0,43.0,47.0,1.00,1.00,South Africa,ZA,ZAF,710,-29.0,24.0,Africa,6.19,7.0,47.0
142,142,South Sudan,SSD,13000000,644329,46.0,,,0.388,0.385,,,,801.9,802.8,751.2,788.1,,,,,,,1.23,1.47,1.54,1.54,1.54,1.54,1.54,1.54,1.54,71.0,26.7,22.6,50.3,1150.0,1.7,1.7,1.7,,,,,,13.91,,7.2,-2,-3,4,4,-2.46,-2.3,-2.5,-2.4,-1.9,-2.0,-1.94,-2.045,-1.71,-1.82,,,,,,,,,,0.15,0.6,0.7,28.5,28.0,32.0,2.37,3.40,South Sudan,SS,SSD,728,8.0,30.0,Africa,1.7,0.7,32.0
143,143,Spain,ESP,47000000,498980,35.9,36.0,52.3,0.891,0.905,71.8,3.2,5.13,1883.9,1923.2,1715.1,1803.0,40696.0,41695.0,37756.0,40775.0,2.29,5.13,4.3,4.29,4.23,4.21,4.18,4.18,4.18,4.18,4.18,3183.0,2740.3,2711.2,1.7,4.0,4.3,4.18,4.18,4.18,4.18,3.08,2.8,19.4,14.73,0.6,100.0,38,37,56,53,0.27,0.58,1.0,0.9,0.9,0.8,1.01,0.876,0.49,0.74,62.0,74.3,51.5,67.2,65.1,68.2,70.0,70.0,43.7,5.09,36.2,46.0,39.1,39.0,43.0,1.37,1.20,Spain,ES,ESP,724,40.0,-4.0,Europe,4.18,46.0,43.0
144,144,Sri Lanka,LKA,21000000,64630,39.2,33.8,46.8,0.77,0.782,49.3,5.2,3.66,278.7,285.2,274.9,284.9,13168.0,13632.0,13227.0,14127.0,3.27,3.66,1.93,2.23,2.23,2.23,2.14,1.93,1.93,1.93,1.93,353.0,162.1,160.7,33.9,36.0,1.9,2.14,1.93,2.14,1.93,0.54,0.54,5.0,5.39,,100.0,24,23,31,32,-0.06,-0.32,-0.2,-0.1,-0.1,-0.4,0.06,0.038,-0.45,-0.33,52.0,57.7,30.7,40.1,57.8,53.3,40.0,40.0,18.9,1.09,49.8,33.2,5.8,6.0,5.0,1.88,1.90,Sri Lanka,LK,LKA,144,7.0,81.0,Asia,1.93,33.2,5.0
145,145,Sudan,SDN,41000000,1861484,,,39.6,0.502,0.508,26.5,3.5,0.11,182.7,178.7,172.2,172.4,4474.0,4350.0,4142.0,4217.0,-2.68,0.11,,,,,,,,,,277.0,59.5,46.9,28.9,295.0,,,,,,32.87,32.87,13.3,19.81,,55.4,4,0,4,10,-2.01,-1.94,-1.4,-1.6,-0.6,-1.5,-1.11,-1.21,-1.54,-1.29,21.4,13.2,21.2,14.6,49.4,32.0,20.0,20.0,12.5,0.48,65.7,55.2,30.5,31.0,31.0,1.02,1.60,Sudan,SD,SDN,736,15.0,30.0,Africa,,55.2,31.0
146,146,Suriname,SUR,600000,156000,,25.4,25.4,0.72,0.73,52.7,0.1,-3.48,10.9,11.1,9.3,9.0,19460.0,19840.0,16733.0,16676.0,4.95,-3.48,,5.53,5.64,5.46,4.92,6.83,5.01,5.01,5.01,1017.0,475.0,619.2,4.7,120.0,,4.92,5.01,4.92,5.01,13.83,11.77,10.0,10.06,,98.2,34,34,44,45,0.14,0.37,-0.6,-0.6,-0.5,-0.7,-0.15,-0.103,-0.17,-0.4,21.4,45.8,39.9,37.6,48.1,48.1,30.0,30.0,28.1,4.56,61.3,58.2,25.5,25.0,29.0,,,Suriname,SR,SUR,740,4.0,-56.0,South America,5.01,58.2,29.0
147,147,Sweden,SWE,10000000,410335,24.9,28.0,50.5,0.933,0.947,81.9,4.1,4.8,532.7,543.2,527.3,552.6,53522.0,54599.0,55065.0,59324.0,1.95,4.8,7.57,7.44,7.62,7.57,7.64,7.64,7.64,7.64,7.64,5299.0,6005.1,5671.4,37.4,4.0,7.7,7.64,7.64,7.64,7.64,0.13,0.12,7.1,8.66,0.2,100.0,40,40,60,60,0.98,1.03,1.8,1.7,1.8,1.8,1.94,1.734,2.14,2.13,88.2,97.1,92.9,95.7,76.3,77.9,80.0,80.0,50.6,3.41,64.7,70.1,43.6,46.0,47.0,1.28,1.10,Sweden,SE,SWE,752,62.0,15.0,Europe,7.64,70.1,47.0
148,148,Switzerland,CHE,8000000,39997,29.5,34.3,60.1,0.944,0.962,83.8,0.9,3.69,601.1,608.4,593.8,615.7,71660.0,72034.0,71745.0,77324.0,2.92,3.69,4.88,4.94,4.93,4.95,4.86,4.86,4.86,4.86,4.86,7583.0,9870.7,9666.3,,5.0,5.1,4.86,4.86,4.86,4.86,0.08,0.08,4.6,5.32,,100.0,39,39,57,57,1.21,1.13,2.1,2.0,1.9,1.7,1.93,1.808,1.99,1.99,82.1,98.0,82.8,92.3,81.7,84.2,90.0,90.0,34.0,4.36,65.4,67.4,32.5,33.0,43.0,0.71,0.70,Switzerland,CH,CHE,756,47.0,8.0,Europe,4.86,67.4,43.0
149,149,Syria,SYR,18000000,183630,,19.1,19.1,0.536,0.577,,-4.8,-4.8,0.0,0.0,0.0,0.0,,,,,1.48,1.48,,,,,,,,,,,,,,31.0,,,,,,,,14.3,10.57,,89.1,-3,-3,2,4,-2.63,-2.66,-1.8,-1.7,-1.8,-1.6,-2.09,-2.07,-1.56,-1.78,22.1,22.1,23.1,23.1,,,,,,1.51,2.4,7.5,13.2,13.0,11.0,4.10,4.10,Syrian Arab Republic,SY,SYR,760,35.0,38.0,Asia,,7.5,11.0
150,150,Taiwan,TWN,24000000,32260,33.6,,43.2,,,,0.7,0.7,0.0,0.0,0.0,0.0,,,,,,,,,,,,,,,,,,,,,,,,,,,,4.0,4.0,,,37,38,56,56,0.89,0.78,1.27,1.470059156,1.37,1.47355628,1.14,1.296,0.96,1.21,69.2,94.2,70.9,73.8,76.6,80.1,60.0,60.0,17.8,,4.4,6.6,,19.0,24.0,1.74,1.70,"Taiwan, Province of China",TW,TWN,158,23.5,121.0,Asia,,6.6,24.0
151,151,Tajikistan,TJK,9000000,141510,32.6,34.2,55.2,0.65,0.685,41.3,3.0,9.2,31.1,33.4,34.9,38.1,3497.0,3733.0,3854.0,4288.0,7.6,9.2,,4.97,5.76,5.84,5.56,5.71,5.71,5.71,5.71,193.0,59.8,61.9,36.1,17.0,,5.56,5.71,5.56,5.71,,,10.8,7.75,,99.8,1,0,10,8,-0.67,-0.61,-1.1,-0.6,-1.1,-1.1,-1.35,-1.185,-1.33,-1.34,50.3,9.1,38.2,17.8,58.3,49.7,30.0,30.0,30.9,1.01,98.5,93.1,19.0,37.0,37.0,1.01,1.20,Tajikistan,TJ,TJK,762,39.0,71.0,Asia,5.71,93.1,37.0
152,152,Tanzania,TZA,57000000,885800,37.6,22.1,37.0,0.538,0.549,36.0,7.0,4.28,141.6,149.8,152.8,159.3,2652.0,2773.0,2780.0,2933.0,5.44,4.28,3.38,4.19,4.1,4.43,3.7,3.6,3.23,3.3,3.3,96.0,42.0,40.3,31.9,524.0,3.5,3.7,3.3,3.7,3.3,17.65,16.08,2.6,2.65,13.6,39.9,22,12,30,22,-0.58,-0.44,-0.6,-0.6,-0.6,-0.6,-0.45,-0.523,-0.48,-0.36,34.7,27.0,31.8,36.9,59.9,59.5,50.0,50.0,18.5,0.21,35.3,33.5,36.4,36.4,36.4,1.07,1.30,"Tanzania, United Republic of",TZ,TZA,834,-6.0,35.0,Africa,3.3,33.5,36.4
153,153,Thailand,THA,69000000,510890,44.5,37.3,52.9,0.755,0.8,52.4,2.8,1.57,1256.8,1283.8,1204.3,1223.1,18534.0,19217.0,18198.0,19209.0,4.22,1.57,3.72,3.76,3.64,3.36,3.06,2.97,2.97,2.97,2.97,610.0,278.6,296.2,28.4,37.0,,3.06,2.97,3.06,2.97,,,0.6,1.42,0.0,100.0,6,5,25,24,-0.76,-0.55,0.4,0.3,0.1,0.1,0.04,0.115,-0.39,-0.46,45.3,36.2,34.7,38.5,67.1,63.2,60.0,60.0,22.0,3.84,9.0,16.7,4.8,5.0,16.0,1.32,1.30,Thailand,TH,THA,764,15.0,100.0,Asia,2.97,16.7,16.0
154,154,Togo,TGO,8000000,54385,46.0,13.2,37.3,0.503,0.539,34.9,5.3,5.26,16.3,17.1,17.5,18.4,2111.0,2211.0,2223.0,2380.0,4.98,5.26,4.78,5.11,3.69,3.76,4.04,4.07,3.99,3.99,3.99,96.0,54.9,51.2,7.4,396.0,4.9,4.04,3.99,4.04,3.99,5.31,1.22,6.8,4.0,8.5,54.0,18,15,29,27,-0.74,-0.8,-1.1,-0.6,-0.8,-0.6,-0.71,-0.559,-0.71,-0.67,28.2,35.1,31.4,28.8,47.8,57.2,30.0,30.0,29.8,0.29,76.1,17.1,17.6,18.0,19.0,1.78,3.10,Togo,TG,TGO,768,8.0,1.1667,Africa,3.99,17.1,19.0
155,155,Trinidad and Tobago,TTO,1400000,5128,,15.7,31.6,0.784,0.81,58.7,-1.8,-0.99,37.5,37.4,34.7,34.3,27617.0,27960.0,26125.0,26868.0,-0.71,-0.99,5.33,3.39,3.95,3.58,3.3,3.7,4.1,4.1,4.1,2204.0,1143.2,1167.9,14.3,67.0,,3.3,4.1,3.3,4.1,,,3.9,4.8,,100.0,33,33,48,49,0.29,0.15,0.3,0.2,0.0,-0.1,-0.11,-0.136,-0.36,-0.28,49.8,59.3,33.1,44.2,57.7,58.8,50.0,50.0,39.0,12.32,,0.1,31.0,31.0,26.0,0.89,0.70,Trinidad and Tobago,TT,TTO,780,11.0,-61.0,North America,4.1,0.1,26.0
156,156,Tunisia,TUN,12000000,155360,40.0,26.2,43.9,0.735,0.731,49.3,0.8,3.34,131.8,133.6,121.9,126.0,11670.0,11903.0,10879.0,11595.0,2.62,3.34,6.88,6.22,7.32,7.32,7.32,7.32,7.32,7.32,7.32,774.0,236.7,233.1,8.1,43.0,,,,,,,,14.8,16.82,,100.0,30,26,40,38,-1.05,-0.7,-0.1,-0.2,-0.4,-0.4,0.07,0.096,-0.11,-0.23,41.7,49.5,36.8,47.3,58.9,54.2,30.0,30.0,28.6,2.56,3.0,3.9,31.3,31.0,26.0,2.83,2.60,Tunisia,TN,TUN,788,34.0,9.0,Africa,,3.9,26.0
157,157,Turkiye,TUR,81000000,769632,40.2,26.4,41.3,0.791,0.838,53.3,3.8,10.99,2331.7,2352.5,2394.7,2657.8,27961.0,26867.0,27235.0,30472.0,2.98,10.99,,,,,4.29,4.29,4.29,4.29,4.29,996.0,389.9,396.5,18.7,17.0,4.4,4.29,4.29,4.29,4.29,4.96,4.78,10.3,13.39,0.0,100.0,16,16,16,16,-1.8,-1.1,0.1,-0.1,0.0,-0.1,-0.25,-0.416,-0.19,-0.39,54.5,25.6,42.0,39.4,65.4,56.9,60.0,60.0,32.6,4.76,32.9,43.8,14.6,17.0,17.0,2.06,2.70,Turkey,TR,TUR,792,39.0,35.0,Asia,4.29,43.8,17.0
158,158,Turkmenistan,TKM,6000000,469930,40.8,14.6,33.0,0.706,0.745,,6.5,6.5,86.9,92.3,0.0,0.0,15200.0,16194.0,16194.0,16194.0,6.2,6.3,,,,,,3.12,3.12,3.12,3.12,1004.0,460.3,500.0,13.9,7.0,,,3.12,,3.12,,,8.6,5.08,,100.0,0,0,4,2,-0.15,-0.32,-1.2,-0.9,-2.0,-2.0,-1.49,-1.442,-1.48,-1.42,5.0,8.3,27.3,7.4,47.1,46.2,10.0,10.0,16.1,12.26,0.0,0.0,25.8,25.0,25.0,,,Turkmenistan,TM,TKM,795,40.0,60.0,Asia,3.12,0.0,25.0
159,159,Uganda,UGA,43000000,197100,39.5,19.4,44.8,0.516,0.525,30.9,5.0,3.38,90.8,96.6,99.5,102.9,2176.0,2275.0,2294.0,2398.0,6.3,3.38,1.91,2.32,2.14,2.25,2.13,1.53,2.59,2.67,2.67,139.0,32.1,32.4,6.9,,2.3,2.13,2.67,2.13,2.67,,,2.3,2.94,13.7,42.1,11,11,26,23,-0.56,-0.86,-0.6,-0.6,-0.2,-0.5,-0.3,-0.352,-1.04,-1.0,40.3,29.2,28.3,24.0,62.0,54.2,40.0,40.0,17.4,0.13,80.8,98.9,34.3,34.0,34.0,2.42,2.10,Uganda,UG,UGA,800,1.0,32.0,Africa,2.67,98.9,34.0
160,160,Ukraine,UKR,45000000,579330,25.5,26.4,40.9,0.751,0.773,52.5,-9.9,3.4,521.5,538.2,518.0,535.6,12632.0,13345.0,13087.0,14220.0,3.49,3.4,5.87,5.74,5.01,5.42,5.32,5.44,5.44,5.44,5.44,469.0,222.5,248.1,9.1,19.0,5.9,5.32,5.44,5.32,5.44,,,8.9,8.88,0.0,100.0,26,26,36,35,-1.89,-1.1,-0.5,-0.4,-0.3,-0.3,-0.71,-0.66,-0.78,-0.77,29.5,31.4,29.0,33.8,51.9,54.1,30.0,30.0,42.8,3.94,4.6,6.5,12.3,12.0,21.0,3.23,3.40,Ukraine,UA,UKR,804,49.0,32.0,Europe,5.44,6.5,21.0
161,161,United Arab Emirates,ARE,9000000,83600,,,34.3,0.863,0.911,70.4,3.9,-6.13,645.0,667.0,626.1,0.0,68568.0,71145.0,66766.0,66766.0,1.19,-6.13,,,,,,3.87,3.88,3.88,3.88,2426.0,1817.3,1842.7,7.6,3.0,,,3.88,,3.88,,0.24,3.7,3.36,0.0,100.0,5,5,12,12,0.63,0.65,1.4,1.4,1.0,1.0,0.8,0.83,1.13,1.18,83.4,35.4,77.3,71.8,77.6,70.2,60.0,60.0,31.2,19.33,0.2,2.7,22.5,23.0,50.0,5.60,5.60,United Arab Emirates,AE,ARE,784,24.0,54.0,Asia,3.88,2.7,50.0
162,162,United Kingdom,GBR,66000000,241930,32.4,31.9,56.0,0.922,0.929,74.6,2.2,7.44,3113.9,3165.9,2872.4,3086.2,47573.0,49041.0,46527.0,49675.0,1.65,7.44,5.56,5.51,5.38,5.38,5.17,5.17,5.17,5.17,5.17,4145.0,4270.2,4312.9,8.2,7.0,5.7,5.17,5.17,5.17,5.17,0.66,1.13,4.8,4.53,,100.0,40,39,54,54,0.26,0.54,1.4,1.3,1.7,1.5,1.68,1.427,1.84,1.67,93.8,85.9,79.0,87.1,78.0,72.7,80.0,80.0,43.0,5.22,27.4,47.1,32.0,32.0,34.0,2.22,1.70,United Kingdom,GB,GBR,826,54.0,-2.0,Europe,5.17,47.1,34.0
163,163,United States,USA,326000000,9147593,45.0,20.7,37.4,0.924,0.921,76.0,2.4,5.67,20048.2,20507.1,19808.9,20932.3,62805.0,65095.0,63028.0,69288.0,2.92,5.67,,4.95,4.8,5.11,4.91,4.91,4.91,4.91,4.91,9536.0,10515.3,10921.0,12.5,19.0,5.0,4.91,4.91,4.91,4.91,0.57,0.92,4.9,5.46,0.8,100.0,33,32,53,51,0.3,0.0,1.6,1.3,1.6,1.5,1.64,1.417,1.38,1.05,76.9,77.9,71.9,75.7,75.7,72.1,80.0,80.0,38.1,14.67,14.0,20.9,19.4,24.0,28.0,3.48,3.40,United States,US,USA,840,38.0,-97.0,North America,4.91,20.9,28.0
164,164,Uruguay,URY,3500000,175015,41.6,36.1,57.5,0.804,0.809,64.2,1.5,4.37,79.5,79.7,74.9,78.1,23585.0,24005.0,22728.0,24625.0,0.48,4.37,4.58,4.55,4.38,4.47,4.66,4.7,4.7,4.7,4.7,1748.0,1686.1,1661.0,5.4,17.0,,4.66,4.7,4.66,4.7,0.15,0.56,8.2,10.45,0.1,100.0,40,40,58,57,1.06,1.05,0.4,0.8,0.7,0.7,0.59,0.732,1.29,1.62,67.0,80.4,71.6,75.2,69.2,70.0,30.0,30.0,32.4,1.87,89.1,98.3,20.2,20.0,24.0,2.26,2.00,Uruguay,UY,URY,858,-33.0,-56.0,South America,4.7,98.3,24.0
165,165,Uzbekistan,UZB,32000000,425400,36.8,29.1,54.1,0.71,0.727,43.1,8.0,7.42,233.4,246.8,251.4,270.1,7252.0,7658.0,7746.0,8497.0,5.35,7.42,5.71,5.49,5.38,5.03,5.9,7.0,4.92,4.92,4.92,383.0,82.3,98.6,12.9,29.0,,5.9,4.92,5.9,4.92,0.73,0.94,8.9,7.16,,100.0,1,2,6,9,-0.28,-0.24,-0.6,-0.2,-1.3,-0.6,-1.11,-0.886,-1.16,-0.81,35.3,13.1,24.2,23.8,51.5,55.7,10.0,40.0,33.9,3.48,21.5,10.8,16.0,16.0,33.0,3.60,3.60,Uzbekistan,UZ,UZB,860,41.0,64.0,Asia,4.92,10.8,33.0
166,166,Venezuela,VEN,32000000,882050,39.0,33.6,48.9,0.761,0.691,43.1,-5.7,-5.7,0.0,0.0,0.0,0.0,,,,,,,,1.93,1.19,1.34,1.34,1.34,1.34,1.34,1.34,579.0,464.0,338.8,,125.0,,,,,,,,6.9,6.41,,100.0,8,1,18,13,-1.18,-1.53,-1.4,-1.9,-2.0,-2.2,-2.26,-2.296,-1.36,-1.61,13.8,4.6,7.5,7.1,25.2,24.8,10.0,10.0,37.7,3.94,64.9,68.4,22.2,22.0,22.0,0.50,0.50,"Venezuela, Bolivarian Republic of",VE,VEN,862,8.0,-66.0,South America,,68.4,22.0
167,167,Vietnam,VNM,96000000,310070,34.8,40.3,48.4,0.694,0.703,50.8,6.7,2.59,912.3,977.6,1006.3,1032.4,9777.0,10562.0,10904.0,11553.0,7.2,2.59,,4.47,4.34,4.09,4.17,4.06,4.06,4.06,4.06,334.0,163.2,180.7,21.1,43.0,,4.17,4.06,4.17,4.06,,,2.2,2.17,0.2,100.0,3,3,17,16,0.31,-0.11,0.0,0.3,-0.4,-0.4,0.07,-0.146,-0.58,-0.29,36.3,33.8,30.4,33.6,53.1,60.6,40.0,50.0,29.4,3.49,37.9,28.2,26.7,27.0,30.0,2.00,2.00,Viet Nam,VN,VNM,704,16.0,106.0,Asia,4.06,28.2,30.0
168,168,Yemen,YEM,28000000,527968,37.9,22.8,44.6,0.452,0.455,23.9,-28.1,-2.06,0.0,0.0,0.0,0.0,,,,,0.75,-2.06,,,,,,,,,,144.0,144.0,144.0,25.8,164.0,,,,,,,,17.1,13.57,,73.8,1,1,12,8,-2.96,-2.59,-1.9,-2.3,-1.5,-2.0,-1.75,-1.799,-1.59,-1.65,16.6,16.6,21.2,21.2,,,,,25.2,0.38,,14.6,0.0,0.0,0.0,4.00,4.00,Yemen,YE,YEM,887,15.0,48.0,Asia,,14.6,0.0
169,169,Zambia,ZMB,17000000,743398,57.5,25.2,34.4,0.588,0.565,33.2,3.6,3.57,61.1,62.0,60.3,62.4,3606.0,3617.0,3457.0,3624.0,4.03,3.57,5.2,4.62,3.75,3.73,4.74,4.47,3.7,3.7,3.7,203.0,76.3,69.3,37.9,213.0,,4.74,3.7,4.74,3.7,,,7.5,13.03,,44.5,22,21,33,30,0.11,0.06,-0.6,-0.8,-0.5,-0.6,-0.33,-0.593,-0.54,-0.75,40.6,45.2,36.3,30.8,54.3,48.7,50.0,50.0,25.7,0.38,97.1,87.0,18.0,18.0,15.0,1.30,1.20,Zambia,ZM,ZMB,894,-15.0,30.0,Africa,3.7,87.0,15.0
170,170,Zimbabwe,ZWE,17000000,386847,43.2,22.1,28.6,0.535,0.593,29.7,1.5,5.85,36.1,33.8,31.7,33.6,2557.0,2408.0,2251.0,2444.0,4.82,5.85,6.14,5.81,5.47,5.82,3.87,3.87,3.87,3.87,3.87,182.0,141.4,103.0,,458.0,7.5,3.87,3.87,3.87,3.87,15.3,13.64,5.1,5.17,13.5,52.7,10,11,20,17,-0.77,-1.03,-1.2,-1.2,-1.6,-1.4,-1.38,-1.261,-1.27,-1.26,33.0,16.3,18.9,20.6,44.0,33.1,10.0,10.0,30.6,0.8,54.0,66.0,32.6,31.0,32.0,0.01,0.70,Zimbabwe,ZW,ZWE,716,-20.0,30.0,Africa,3.87,66.0,32.0
171,171,Timor-Leste,TLS,1200000,14874,31.9,,,0.625,0.607,,4.3,4.4,3.9,4.7,5.2,5.4,3168.0,3780.0,4141.0,4418.0,-0.69,4.4,7.52,8.45,8.08,7.03,6.73,6.73,6.73,6.73,6.73,141.0,93.6,92.7,19.2,142.0,,6.73,6.73,6.73,6.73,4.19,4.9,4.0,5.07,,96.1,32,33,37,39,0.03,0.17,-1.0,-0.8,-0.7,-0.8,-1.17,-0.998,-0.54,-0.05,13.8,35.3,32.0,38.2,48.1,46.3,20.0,20.0,48.0,0.48,,0.0,32.3,34.0,38.0,1.14,1.00,Timor-Leste,TL,TLS,626,-8.55,125.5167,Asia,6.73,0.0,38.0
